name,price,sideeffect,description,uses,alternatives,category,image_url,pharmacies
Amikacin (ampoule),43.16,Blurred vision,Amikacin is commonly used in antibiotics treatments.,Used for conditions related to antibiotics.,"Lasix, Insulatard, Clavimox",Antibiotics,/medicine_images/Amikacin_ampoule_0.jpg,"PH04, PH32"
Baclofen 500mg,278.77,Palpitations,Baclofen is commonly used in neurology treatments.,Used for conditions related to neurology.,"Insulatard, Paracetamol, Antinal",Neurology,/medicine_images/Baclofen_500mg_1.jpg,"PH12, PH17, PH44"
Beclomethasone (cream),205.85,Headache,Beclomethasone is commonly used in respiratory/allergy treatments.,Used for conditions related to respiratory/allergy.,"Nexium, Antinal, Amoxil",Respiratory/Allergy,/medicine_images/Beclomethasone_cream_2.jpg,"PH32, PH76"
Bethanechol (cream),126.25,Vomiting,Bethanechol is commonly used in gastrointestinal treatments.,Used for conditions related to gastrointestinal.,"Amoxil, Motilium, Omeprazole",Gastrointestinal,/medicine_images/Bethanechol_cream_3.jpg,"PH11, PH17, PH44"
Bisoprolol 10mg,345.65,Headache,Bisoprolol is commonly used in cardiovascular treatments.,Used for conditions related to cardiovascular.,"Motilium, Ponstan, Rennie",Cardiovascular,/medicine_images/Bisoprolol_100mg_6.jpg,"PH12, PH32"
Budesonide/Formoterol 20mg,272.84,Nausea,Budesonide/Formoterol is commonly used in respiratory/allergy treatments.,Used for conditions related to respiratory/allergy.,"Cetafen, Aspirin, Motilium",Respiratory/Allergy,/medicine_images/BudesonideFormoterol_20mg_7.jpg,"PH11, PH76"
Candesartan 10mg,589.3,Edema,Candesartan is commonly used in cardiovascular treatments.,Used for conditions related to cardiovascular.,"Motilium, Insulatard, Ibuprofen",Cardiovascular,/medicine_images/Candesartan_10mg_8.jpg,"PH04, PH44"
Ciclesonide 300mg,197.95,Stomach pain,Ciclesonide is commonly used in respiratory/allergy treatments.,Used for conditions related to respiratory/allergy.,"Concor, Brufen, Nexium",Respiratory/Allergy,/medicine_images/Ciclesonide_300mg_11.jpg,"PH12, PH17"
Cilostazol 50mg,168.77,Vomiting,Cilostazol is commonly used in cardiovascular treatments.,Used for conditions related to cardiovascular.,"Cataflam, Concor, Panadol",Cardiovascular,/medicine_images/Cilostazol_300mg_12.jpg,"PH04, PH76"
Clindamycin 2%,44.25,Weight gain,Clindamycin is commonly used in antibiotics treatments.,Used for conditions related to antibiotics.,"Omeprazole, Mixtard, Aspirin",Antibiotics,/medicine_images/Clindamycin_2_14.jpg,"PH11, PH32, PH44"
Clomipramine (tablet),468.47,Dry mouth,Clomipramine is commonly used in neurology/psychiatry treatments.,Used for conditions related to neurology/psychiatry.,"Aspirin, Buscopan, Panadol",Neurology/Psychiatry,/medicine_images/Clomipramine_tablet_15.jpg,"PH17, PH12"
Clonazepam (patch),138.6,Hypotension,Clonazepam is commonly used in neurology/psychiatry treatments.,Used for conditions related to neurology/psychiatry.,"Buscopan, Aspirin, Mixtard",Neurology/Psychiatry,/medicine_images/Clonazepam_patch_16.jpg,"PH04, PH32"
Cyclobenzaprine (tablet),105.79,Headache,Cyclobenzaprine is commonly used in painkillers treatments.,Used for conditions related to painkillers.,"Motilium, Glucophage, Voltaren",Painkillers,/medicine_images/Cyclobenzaprine_tablet_18.jpg,"PH11, PH44, PH76"
Desmopressin 100mg,383.8,Weight loss,Desmopressin is commonly used in endocrine treatments.,Used for conditions related to endocrine.,"Mixtard, Antinal, Voltaren",Endocrine,/medicine_images/Desmopressin_100mg_20.jpg,"PH12, PH17"
Dextromethorphan 10mg,130.33,Photosensitivity,Dextromethorphan is commonly used in respiratory/allergy treatments.,Used for conditions related to respiratory/allergy.,"Aspirin, Clavimox, Augmentin",Respiratory/Allergy,/medicine_images/Dextromethorphan_10mg_21.jpg,"PH32, PH04"
Dexlansoprazole (solution),183.9,Constipation,Dexlansoprazole is commonly used in gastrointestinal treatments.,Used for conditions related to gastrointestinal.,"Motilium, Mixtard, Buscopan",Gastrointestinal,/medicine_images/Dexlansoprazole_solution_22.jpg,"PH11, PH76"
Diazoxide 50mg,299.92,Drowsiness,Diazoxide is commonly used in general treatments.,Used for conditions related to general.,"Ponstan, Ibuprofen, Brufen",General,/medicine_images/Diazoxide_50mg_23.jpg,"PH44, PH12"
Diltiazem 50mg,341.01,Weight gain,Diltiazem is commonly used in cardiovascular treatments.,Used for conditions related to cardiovascular.,"Gastrogel, Flagyl, Nexium",Cardiovascular,/medicine_images/Diltiazem_50mg_25.jpg,"PH17, PH32"
Dobutamine (ampoule),247.21,Photosensitivity,Dobutamine is commonly used in cardiology treatments.,Used for conditions related to cardiology.,"Motilium, Clavimox, Mixtard",Cardiology,/medicine_images/Dobutamine_ampoule_27.jpg,"PH04, PH11"
Dopamine (ampoule),179.94,Cough,Dopamine is commonly used in cardiology treatments.,Used for conditions related to cardiology.,"Motilium, Lipitor, Concor",Cardiology,/medicine_images/Dopamine_ampoule_28.jpg,"PH76, PH44"
Enoxaparin 10mg,105.95,Nausea,Enoxaparin is commonly used in cardiology treatments.,Used for conditions related to cardiology.,"Flagyl, Lasix, Concor",Cardiology,/medicine_images/Enoxaparin_10mg_30.jpg,"PH12, PH32"
Etanercept 50mg,789.6,Dizziness,Etanercept is commonly used in rheumatology treatments.,Used for conditions related to rheumatology.,"Motilium, Voltaren, Augmentin",Rheumatology,/medicine_images/Etanercept_50mg_35.jpg,"PH17, PH04"
Fenofibrate 80mg,518.46,Rash,Fenofibrate is commonly used in cardiovascular treatments.,Used for conditions related to cardiovascular.,"Clavimox, Keflex, Lipitor",Cardiovascular,/medicine_images/Fenofibrate_500mg_37.jpg,"PH11, PH76"
Finasteride 1%,304.31,Diarrhea,Finasteride is commonly used in urology treatments.,Used for conditions related to urology.,"Concor, Ponstan, Amoxil",Urology,/medicine_images/Finasteride_1_39.jpg,"PH44, PH12"
Fosinopril (cream),569.65,Rash,Fosinopril is commonly used in cardiovascular treatments.,Used for conditions related to cardiovascular.,"Glucophage, Cataflam, Erythrocin",Cardiovascular,/medicine_images/Fosinopril_cream_40.jpg,"PH32, PH17"
Furosemide (tablet),481.51,Headache,Furosemide is commonly used in cardiovascular treatments.,Used for conditions related to cardiovascular.,"Aspirin, Plavix, Brufen",Cardiovascular,/medicine_images/Furosemide_tablet_41.jpg,"PH04, PH11"
Gatifloxacin (solution),62.9,Anemia,Gatifloxacin is commonly used in antibiotics treatments.,Used for conditions related to antibiotics.,"Panadol, Plavix, Keflex",Antibiotics,/medicine_images/Gatifloxacin_solution_42.jpg,"PH76, PH44"
Gemcitabine (syrup),1713.52,Bleeding tendency,Gemcitabine is commonly used in oncology treatments.,Used for conditions related to oncology.,"Brufen, Adol, Panadol",Oncology,/medicine_images/Gemcitabine_syrup_43.jpg,"PH12, PH32"
Hydroxyzine 1%,66.78,Headache,Hydroxyzine is commonly used in allergy treatments.,Used for conditions related to allergy.,"Motilium, Plavix, Erythrocin",Allergy,/medicine_images/Hydroxyzine_1_47.jpg,"PH17, PH04"
Pioglitazone (syrup),260.73,Constipation,Pioglitazone is commonly used in diabetes treatments.,Used for conditions related to diabetes.,"Adol, Brufen, Lasix",Diabetes,/medicine_images/Pioglitazone_syrup_52.jpg,"PH11, PH44"
Propranolol LA 20mg,105.3,Stomach pain,Propranolol LA is commonly used in cardiology/neurology treatments.,Used for conditions related to cardiology/neurology.,"Lasix, Aspirin, Ponstan",Cardiology/Neurology,/medicine_images/Propranolol_LA_10mg_54.jpg,"PH32, PH76"
Mycophenolate mofetil (syrup),163.4,Constipation,Mycophenolate mofetil is commonly used in immunology treatments.,Used for conditions related to immunology.,"Lasix, Adol, Motilium",Immunology,/medicine_images/Mycophenolate_mofetil_syrup_57.jpg,"PH12, PH17"
Phenytoin 400mg,470.06,Muscle pain,Phenytoin is commonly used in neurology treatments.,Used for conditions related to neurology.,"Flagyl, Panadol, Voltaren",Neurology,/medicine_images/Phenytoin_400mg_58.jpg,"PH04, PH11"
Olmesartan 400mg,351.84,Photosensitivity,Olmesartan is commonly used in cardiovascular treatments.,Used for conditions related to cardiovascular.,"Mixtard, Rennie, Amoxil",Cardiovascular,/medicine_images/Olmesartan_400mg_61.jpg,"PH44, PH32"
Isosorbide mononitrate 20mg,153.26,Kidney impairment,Isosorbide mononitrate is commonly used in cardiology treatments.,Used for conditions related to cardiology.,"Lasix, Augmentin, Plavix",Cardiology,/medicine_images/Isosorbide_mononitrate_20mg_62.jpg,"PH17, PH04"
Orlistat (tablet),47.18,Dizziness,Orlistat is commonly used in gastrointestinal treatments.,Used for conditions related to gastrointestinal.,"Panadol, Lasix, Omeprazole",Gastrointestinal,/medicine_images/Orlistat_tablet_65.jpg,"PH11, PH76"
Desloratadine 300mg,132.99,Weight gain,Desloratadine is commonly used in allergy treatments.,Used for conditions related to allergy.,"Lasix, Antinal, Amoxil",Allergy,/medicine_images/Desloratadine_300mg_67.jpg,"PH32, PH44"
Colchicine 100mg,428.23,Hypotension,Colchicine is commonly used in rheumatology treatments.,Used for conditions related to rheumatology.,"Aspirin, Cataflam, Lipitor",Rheumatology,/medicine_images/Colchicine_100mg_69.jpg,"PH12, PH17"
Glyburide 5mg,351.38,Hypertension,Glyburide is commonly used in diabetes treatments.,Used for conditions related to diabetes.,"Motilium, Insulatard, Flagyl",Diabetes,/medicine_images/Glyburide_5mg_70.jpg,"PH04, PH11"
Gatifloxacin 5mg,108.73,Nausea,Gatifloxacin is commonly used in antibiotics treatments.,Used for conditions related to antibiotics.,"Crestor, Cetafen, Panadol",Antibiotics,/medicine_images/Gatifloxacin_5mg_71.jpg,"PH76, PH44"
Norepinephrine (tablet),422.68,Headache,Norepinephrine is commonly used in emergency treatments.,Used for conditions related to emergency.,"Adol, Voltaren, Buscopan",Emergency,/medicine_images/Norepinephrine_tablet_72.jpg,"PH32, PH12"
Benzonatate (solution),119.02,Anemia,Benzonatate is commonly used in general treatments.,Used for conditions related to general.,"Cetafen, Motilium, Rennie",General,/medicine_images/Benzonatate_solution_75.jpg,"PH17, PH04"
Zidovudine 300mg,944.88,Bleeding tendency,Zidovudine is commonly used in infectious diseases treatments.,Used for conditions related to infectious diseases.,"Zithromax, Nexium, Insulatard",Infectious Diseases,/medicine_images/Zidovudine_300mg_78.jpg,"PH11, PH44"
Repaglinide 300mg,93.4,Stomach pain,Repaglinide is commonly used in diabetes treatments.,Used for conditions related to diabetes.,"Plavix, Adol, Cetafen",Diabetes,/medicine_images/Repaglinide_300mg_81.jpg,"PH32, PH76"
Naltrexone 1%,114.01,Cough,Naltrexone is commonly used in addiction treatments.,Used for conditions related to addiction.,"Omeprazole, Amoxil, Adol",Addiction,/medicine_images/Naltrexone_1_82.jpg,"PH12, PH17"
Mirabegron (syrup),337.19,Increased liver enzymes,Mirabegron is commonly used in urology treatments.,Used for conditions related to urology.,"Clavimox, Brufen, Amoxil",Urology,/medicine_images/Mirabegron_syrup_83.jpg,"PH04, PH11"
Ramipril (capsule),98.93,Hypertension,Ramipril is commonly used in cardiovascular treatments.,Used for conditions related to cardiovascular.,"Mixtard, Ponstan, Omeprazole",Cardiovascular,/medicine_images/Ramipril_capsule_84.jpg,"PH44, PH32"
Fosinopril 20mg,589.36,Stomach pain,Fosinopril is commonly used in cardiovascular treatments.,Used for conditions related to cardiovascular.,"Buscopan, Zithromax, Plavix",Cardiovascular,/medicine_images/Fosinopril_20mg_85.jpg,"PH17, PH04"
Amikacin 200mg,142.28,Bleeding tendency,Amikacin is commonly used in antibiotics treatments.,Used for conditions related to antibiotics.,"Ibuprofen, Rennie, Keflex",Antibiotics,/medicine_images/Amikacin_200mg_87.jpg,"PH11, PH76"
Pemetrexed 400mg,3256.67,Diarrhea,Pemetrexed is commonly used in oncology treatments.,Used for conditions related to oncology.,"Brufen, Aspirin, Clavimox",Oncology,/medicine_images/Pemetrexed_400mg_88.jpg,"PH32, PH44"
Testosterone gel (capsule),304.7,Blurred vision,Testosterone gel is commonly used in endocrine treatments.,Used for conditions related to endocrine.,"Nexium, Brufen, Zithromax",Endocrine,/medicine_images/Testosterone_gel_capsule_90.jpg,"PH12, PH17"
Esmolol (solution),101.74,Drowsiness,Esmolol is commonly used in cardiovascular treatments.,Used for conditions related to cardiovascular.,"Cetafen, Adol, Voltaren",Cardiovascular,/medicine_images/Esmolol_solution_91.jpg,"PH04, PH11"
Oxytocin 5mg,64.79,Palpitations,Oxytocin is commonly used in obstetrics treatments.,Used for conditions related to obstetrics.,"Omeprazole, Buscopan, Insulatard",Obstetrics,/medicine_images/Oxytocin_5mg_92.jpg,"PH76, PH44"
Zoledronic acid (solution),365.85,Palpitations,Zoledronic acid is commonly used in bone treatments.,Used for conditions related to bone.,"Motilium, Aspirin, Antinal",Bone,/medicine_images/Zoledronic_acid_solution_94.jpg,"PH32, PH12"
Verapamil 5mg,87.96,Dry mouth,Verapamil is commonly used in cardiology treatments.,Used for conditions related to cardiology.,"Voltaren, Erythrocin, Mixtard",Cardiology,/medicine_images/Verapamil_5mg_95.jpg,"PH17, PH04"
Ketorolac 5mg,144.76,Rash,Ketorolac is commonly used in painkillers treatments.,Used for conditions related to painkillers.,"Motilium, Zithromax, Adol",Painkillers,/medicine_images/Ketorolac_5mg_96.jpg,"PH11, PH44"
Sitagliptin 10mg,343.26,Anemia,Sitagliptin is commonly used in diabetes treatments.,Used for conditions related to diabetes.,"Keflex, Aspirin, Omeprazole",Diabetes,/medicine_images/Sitagliptin_10mg_98.jpg,"PH32, PH76"
Clonazepam 500mg,584.38,Vomiting,Clonazepam is commonly used in neurology/psychiatry treatments.,Used for conditions related to neurology/psychiatry.,"Erythrocin, Plavix, Gastrogel",Neurology/Psychiatry,/medicine_images/Clonazepam_500mg_99.jpg,"PH12, PH17"
Desmopressin 10mg,488.14,Kidney impairment,Desmopressin is commonly used in endocrine treatments.,Used for conditions related to endocrine.,"Brufen, Flagyl, Voltaren",Endocrine,/medicine_images/Desmopressin_10mg_101.jpg,"PH04, PH11"
Misoprostol 20mg,172.61,Headache,Misoprostol is commonly used in gastrointestinal treatments.,Used for conditions related to gastrointestinal.,"Augmentin, Lipitor, Glucophage",Gastrointestinal,/medicine_images/Misoprostol_20mg_102.jpg,"PH76, PH44"
Tizanidine 300mg,310.53,Nausea,Tizanidine is commonly used in neurology treatments.,Used for conditions related to neurology.,"Clavimox, Motilium, Adol",Neurology,/medicine_images/Tizanidine_300mg_104.jpg,"PH32, PH12"
Indapamide 300mg,31.82,Constipation,Indapamide is commonly used in cardiovascular treatments.,Used for conditions related to cardiovascular.,"Keflex, Brufen, Buscopan",Cardiovascular,/medicine_images/Indapamide_300mg_105.jpg,"PH17, PH04"
Metolazone 400mg,100.51,Constipation,Metolazone is commonly used in cardiovascular treatments.,Used for conditions related to cardiovascular.,"Flagyl, Plavix, Zithromax",Cardiovascular,/medicine_images/Metolazone_400mg_107.jpg,"PH11, PH44"
Glyburide 50mg,225.36,Cough,Glyburide is commonly used in diabetes treatments.,Used for conditions related to diabetes.,"Paracetamol, Glucophage, Aspirin",Diabetes,/medicine_images/Glyburide_50mg_108.jpg,"PH32, PH76"
Paracetamol ointment,25.71,Hypoglycemia risk,Paracetamol is commonly used for painkiller conditions.,Used for painkiller related symptoms/conditions.,"Ibuprofen, Aspirin",Painkiller,/medicine_images/Paracetamol_ointment_109.jpg,"PH04, PH11"
Ibuprofen cream,10.09,Photosensitivity,Ibuprofen is commonly used for painkiller conditions.,Used for painkiller related symptoms/conditions.,"Paracetamol, Diclofenac",Painkiller,/medicine_images/Ibuprofen_cream_110.jpg,"PH12, PH17"
Diclofenac 50mg,22.5,Photosensitivity,Diclofenac is commonly used for painkiller conditions.,Used for painkiller related symptoms/conditions.,"Ibuprofen, Naproxen",Painkiller,/medicine_images/Diclofenac_50mg_111.jpg,"PH32, PH44"
Naproxen 200mg,32.55,Drowsiness,Naproxen is commonly used for painkiller conditions.,Used for painkiller related symptoms/conditions.,Generic equivalent,Painkiller,/medicine_images/Naproxen_200mg_112.jpg,"PH17, PH04"
Aspirin 300mg,88.17,Cough,Aspirin is commonly used for painkiller conditions.,Used for painkiller related symptoms/conditions.,Consult pharmacist,Painkiller,/medicine_images/Aspirin_300mg_113.jpg,"PH11, PH76"
Amoxicillin 100mg,292.05,Oral thrush (with inhaled steroids),Amoxicillin is commonly used for antibiotic conditions.,Used for antibiotic related symptoms/conditions.,"Amoxicillin-Clavulanate, Azithromycin",Antibiotic,/medicine_images/Amoxicillin_100mg_114.jpg,"PH04, PH32"
Amoxicillin-Clavulanate capsule,112.8,"Nausea, vomiting",Amoxicillin-Clavulanate is commonly used for general conditions.,Used for general related symptoms/conditions.,Alternative in same class,General,/medicine_images/Amoxicillin-Clavulanate_capsule_115.jpg,"PH11, PH44"
Azithromycin 300mg,232.07,Drowsiness,Azithromycin is commonly used for antibiotic conditions.,Used for antibiotic related symptoms/conditions.,"Clarithromycin, Amoxicillin",Antibiotic,/medicine_images/Azithromycin_300mg_116.jpg,"PH12, PH17"
Levofloxacin ointment,291,Diarrhea,Levofloxacin is commonly used for general conditions.,Used for general related symptoms/conditions.,Alternative in same class,General,/medicine_images/Levofloxacin_ointment_118.jpg,"PH32, PH76"
Cefuroxime capsule,313.09,Dry mouth,Cefuroxime is commonly used for antibiotic conditions.,Used for antibiotic related symptoms/conditions.,Alternative in same class,Antibiotic,/medicine_images/Cefuroxime_capsule_119.jpg,"PH17, PH04"
Ceftriaxone 500mg,248.49,Kidney function changes,Ceftriaxone is commonly used for general conditions.,Used for general related symptoms/conditions.,Alternative in same class,General,/medicine_images/Ceftriaxone_500mg_120.jpg,"PH11, PH44"
Doxycycline capsule,226.69,Dry mouth,Doxycycline is commonly used for antibiotic conditions.,Used for antibiotic related symptoms/conditions.,Generic equivalent,Antibiotic,/medicine_images/Doxycycline_capsule_121.jpg,"PH32, PH12"
Clarithromycin 250mg,229.54,Allergic reaction,Clarithromycin is commonly used for general conditions.,Used for general related symptoms/conditions.,Generic equivalent,General,/medicine_images/Clarithromycin_250mg_122.jpg,"PH76, PH17"
Linezolid spray,18.25,Kidney function changes,Linezolid is commonly used for general conditions.,Used for general related symptoms/conditions.,Alternative in same class,General,/medicine_images/Linezolid_spray_123.jpg,"PH04, PH11"
Nitrofurantoin solution,100.5,Palpitations,Nitrofurantoin is commonly used for general conditions.,Used for general related symptoms/conditions.,Generic equivalent,General,/medicine_images/Nitrofurantoin_solution_125.jpg,"PH44, PH32"
Vancomycin 400mg,10.1,Cough,Vancomycin is commonly used for general conditions.,Used for general related symptoms/conditions.,Alternative in same class,General,/medicine_images/Vancomycin_400mg_128.jpg,"PH12, PH76"
Meropenem spray,166.34,Allergic reaction,Meropenem is commonly used for general conditions.,Used for general related symptoms/conditions.,Consult pharmacist,General,/medicine_images/Meropenem_spray_129.jpg,"PH17, PH04"
Imipenem cream,275.99,Kidney function changes,Imipenem is commonly used for general conditions.,Used for general related symptoms/conditions.,Alternative in same class,General,/medicine_images/Imipenem_cream_130.jpg,"PH11, PH44"
Metronidazole 50mg,99.02,"Nausea, vomiting",Metronidazole is commonly used for general conditions.,Used for general related symptoms/conditions.,Alternative in same class,General,/medicine_images/Metronidazole_50mg_131.jpg,"PH32, PH12"
Fluconazole spray,134.17,"Headache, dizziness",Fluconazole is commonly used for antifungal conditions.,Used for antifungal related symptoms/conditions.,"Nystatin (topical), Voriconazole (systemic)",Antifungal,/medicine_images/Fluconazole_spray_132.jpg,"PH76, PH17"
Nystatin 20mg,77.33,Stomach upset,Nystatin is commonly used for antifungal conditions.,Used for antifungal related symptoms/conditions.,Alternative in same class,Antifungal,/medicine_images/Nystatin_20mg_133.jpg,"PH04, PH11"
Clotrimazole capsule,257.87,Stomach upset,Clotrimazole is commonly used for general conditions.,Used for general related symptoms/conditions.,Generic equivalent,General,/medicine_images/Clotrimazole_capsule_134.jpg,"PH44, PH32"
Ketoconazole cream,13.3,Allergic reaction,Ketoconazole is commonly used for general conditions.,Used for general related symptoms/conditions.,Generic equivalent,General,/medicine_images/Ketoconazole_cream_135.jpg,"PH12, PH76"
Miconazole 20mg,281.29,"Rash, itching",Miconazole is commonly used for general conditions.,Used for general related symptoms/conditions.,Alternative in same class,General,/medicine_images/Miconazole_20mg_136.jpg,"PH17, PH04"
Omeprazole 50mg,148.94,Palpitations,Omeprazole is commonly used for antacid conditions.,Used for antacid related symptoms/conditions.,"Pantoprazole, Esomeprazole",Antacid,/medicine_images/Omeprazole_50mg_137.jpg,"PH11, PH44"
Pantoprazole 400mg,148.71,Kidney function changes,Pantoprazole is commonly used for antacid conditions.,Used for antacid related symptoms/conditions.,Alternative in same class,Antacid,/medicine_images/Pantoprazole_400mg_138.jpg,"PH32, PH12"
Esomeprazole 2%,53.67,Insomnia,Esomeprazole is commonly used for general conditions.,Used for general related symptoms/conditions.,Alternative in same class,General,/medicine_images/Esomeprazole_2_139.jpg,"PH76, PH17"
Lansoprazole 400mg,79.76,Weight gain,Lansoprazole is commonly used for general conditions.,Used for general related symptoms/conditions.,Generic equivalent,General,/medicine_images/Lansoprazole_400mg_141.jpg,"PH04, PH11"
Metoclopramide 1%,85.36,Diarrhea,Metoclopramide is commonly used for general conditions.,Used for general related symptoms/conditions.,Consult pharmacist,General,/medicine_images/Metoclopramide_1_144.jpg,"PH44, PH32"
Loperamide 5mg,222.6,Dry mouth,Loperamide is commonly used for gastrointestinal conditions.,Used for gastrointestinal related symptoms/conditions.,Alternative in same class,Gastrointestinal,/medicine_images/Loperamide_5mg_145.jpg,"PH12, PH76"
Sucralfate tablet,189.86,Weight gain,Sucralfate is commonly used for general conditions.,Used for general related symptoms/conditions.,Generic equivalent,General,/medicine_images/Sucralfate_tablet_146.jpg,"PH17, PH04"
Metformin 50mg,374.64,Hypoglycemia risk,Metformin is commonly used for antidiabetic conditions.,Used for antidiabetic related symptoms/conditions.,"Glimepiride, Insulin",Antidiabetic,/medicine_images/Metformin_50mg_149.jpg,"PH11, PH44"
Glimepiride 500mg,355.41,Oral thrush (with inhaled steroids),Glimepiride is commonly used for antidiabetic conditions.,Used for antidiabetic related symptoms/conditions.,Consult pharmacist,Antidiabetic,/medicine_images/Glimepiride_500mg_150.jpg,"PH32, PH12"
Vildagliptin 10mg,186.13,Drowsiness,Vildagliptin is commonly used for general conditions.,Used for general related symptoms/conditions.,Alternative in same class,General,/medicine_images/Vildagliptin_10mg_155.jpg,"PH76, PH17"
Pioglitazone 200mg,199.33,Muscle pain (myalgia),Pioglitazone is commonly used for general conditions.,Used for general related symptoms/conditions.,Alternative in same class,General,/medicine_images/Pioglitazone_200mg_156.jpg,"PH04, PH11"
Canagliflozin 10mg,203.24,Drowsiness,Canagliflozin is commonly used for general conditions.,Used for general related symptoms/conditions.,Generic equivalent,General,/medicine_images/Canagliflozin_10mg_158.jpg,"PH44, PH32"
Empagliflozin capsule,191.29,Oral thrush (with inhaled steroids),Empagliflozin is commonly used for general conditions.,Used for general related symptoms/conditions.,Alternative in same class,General,/medicine_images/Empagliflozin_capsule_159.jpg,"PH12, PH76"
Atorvastatin 200mg,233.82,Muscle pain (myalgia),Atorvastatin is commonly used for cardiovascular conditions.,Used for cardiovascular related symptoms/conditions.,"Simvastatin, Rosuvastatin",Cardiovascular,/medicine_images/Atorvastatin_200mg_160.jpg,"PH17, PH04"
Rosuvastatin 300mg,250.36,Photosensitivity,Rosuvastatin is commonly used for general conditions.,Used for general related symptoms/conditions.,Generic equivalent,General,/medicine_images/Rosuvastatin_300mg_162.jpg,"PH11, PH44"
Amlodipine injection,339.87,Diarrhea,Amlodipine is commonly used for cardiovascular conditions.,Used for cardiovascular related symptoms/conditions.,"Nifedipine, Enalapril",Cardiovascular,/medicine_images/Amlodipine_injection_165.jpg,"PH32, PH12"
Losartan 300mg,221.88,Tendonitis (rare),Losartan is commonly used for cardiovascular conditions.,Used for cardiovascular related symptoms/conditions.,"Valsartan, Enalapril",Cardiovascular,/medicine_images/Losartan_300mg_166.jpg,"PH76, PH17"
Enalapril 100mg,248.09,Stomach upset,Enalapril is commonly used for general conditions.,Used for general related symptoms/conditions.,Alternative in same class,General,/medicine_images/Enalapril_100mg_167.jpg,"PH04, PH11"
Captopril capsule,275.08,Constipation,Captopril is commonly used for general conditions.,Used for general related symptoms/conditions.,Generic equivalent,General,/medicine_images/Captopril_capsule_168.jpg,"PH44, PH32"
Bisoprolol 100mg,218.77,Kidney function changes,Bisoprolol is commonly used for general conditions.,Used for general related symptoms/conditions.,Generic equivalent,General,/medicine_images/Bisoprolol_100mg_170.jpg,"PH12, PH76"
Propranolol 10mg,23.23,Injection site pain,Propranolol is commonly used for general conditions.,Used for general related symptoms/conditions.,Consult pharmacist,General,/medicine_images/Propranolol_10mg_171.jpg,"PH17, PH04"
Nitroglycerin 500mg,68.41,Cough,Nitroglycerin is commonly used for general conditions.,Used for general related symptoms/conditions.,Consult pharmacist,General,/medicine_images/Nitroglycerin_500mg_177.jpg,"PH11, PH44"
Isosorbide mononitrate tablet,220.7,Palpitations,Isosorbide mononitrate is commonly used for general conditions.,Used for general related symptoms/conditions.,Consult pharmacist,General,/medicine_images/Isosorbide_mononitrate_tablet_178.jpg,"PH32, PH12"
Furosemide 300mg,208.78,Palpitations,Furosemide is commonly used for general conditions.,Used for general related symptoms/conditions.,Consult pharmacist,General,/medicine_images/Furosemide_300mg_179.jpg,"PH76, PH17"
Hydrochlorothiazide 400mg,118.8,Oral thrush (with inhaled steroids),Hydrochlorothiazide is commonly used for general conditions.,Used for general related symptoms/conditions.,Alternative in same class,General,/medicine_images/Hydrochlorothiazide_400mg_181.jpg,"PH04, PH11"
Prednisolone 100mg,69.23,Stomach upset,Prednisolone is commonly used for general conditions.,Used for general related symptoms/conditions.,Generic equivalent,General,/medicine_images/Prednisolone_100mg_185.jpg,"PH44, PH32"
Methylprednisolone 5mg,248.38,Oral thrush (with inhaled steroids),Methylprednisolone is commonly used for general conditions.,Used for general related symptoms/conditions.,Consult pharmacist,General,/medicine_images/Methylprednisolone_5mg_186.jpg,"PH12, PH76"
Budesonide 100mg,68.61,Stomach upset,Budesonide is commonly used for respiratory/allergy conditions.,Used for respiratory/allergy related symptoms/conditions.,Generic equivalent,Respiratory/Allergy,/medicine_images/Budesonide_100mg_188.jpg,"PH17, PH04"
Formoterol ointment,24.97,Injection site pain,Formoterol is commonly used for general conditions.,Used for general related symptoms/conditions.,Alternative in same class,General,/medicine_images/Formoterol_ointment_190.jpg,"PH11, PH44"
Salmeterol 400mg,205.14,Diarrhea,Salmeterol is commonly used for general conditions.,Used for general related symptoms/conditions.,Generic equivalent,General,/medicine_images/Salmeterol_400mg_191.jpg,"PH32, PH12"
Montelukast 20mg,194.23,Stomach upset,Montelukast is commonly used for general conditions.,Used for general related symptoms/conditions.,Generic equivalent,General,/medicine_images/Montelukast_20mg_192.jpg,"PH76, PH17"
Ipratropium spray,218.31,Hypoglycemia risk,Ipratropium is commonly used for general conditions.,Used for general related symptoms/conditions.,Consult pharmacist,General,/medicine_images/Ipratropium_spray_193.jpg,"PH04, PH11"
Cetirizine 500mg,141.29,Muscle pain (myalgia),Cetirizine is commonly used for respiratory/allergy conditions.,Used for respiratory/allergy related symptoms/conditions.,"Loratadine, Fexofenadine",Respiratory/Allergy,/medicine_images/Cetirizine_500mg_194.jpg,"PH44, PH32"
Loratadine solution,99.4,Muscle pain (myalgia),Loratadine is commonly used for respiratory/allergy conditions.,Used for respiratory/allergy related symptoms/conditions.,Consult pharmacist,Respiratory/Allergy,/medicine_images/Loratadine_solution_195.jpg,"PH12, PH76"
Fexofenadine 5mg,101,Oral thrush (with inhaled steroids),Fexofenadine is commonly used for general conditions.,Used for general related symptoms/conditions.,Consult pharmacist,General,/medicine_images/Fexofenadine_5mg_196.jpg,"PH17, PH04"
Chlorpheniramine spray,145.8,Tendonitis (rare),Chlorpheniramine is commonly used for general conditions.,Used for general related symptoms/conditions.,Generic equivalent,General,/medicine_images/Chlorpheniramine_spray_197.jpg,"PH11, PH44"
Fluticasone (nasal) 200mg,193.75,Injection site pain,Fluticasone (nasal) is commonly used for general conditions.,Used for general related symptoms/conditions.,Consult pharmacist,General,/medicine_images/Fluticasone_nasal_200mg_198.jpg,"PH32, PH12"
Insulin Lispro ointment,69.26,Bleeding tendency,Insulin Lispro is commonly used for general conditions.,Used for general related symptoms/conditions.,Generic equivalent,General,/medicine_images/Insulin_Lispro_ointment_201.jpg,"PH76, PH17"
Cetuximab capsule,288.85,Oral thrush (with inhaled steroids),Cetuximab is commonly used for general conditions.,Used for general related symptoms/conditions.,Consult pharmacist,General,/medicine_images/Cetuximab_capsule_202.jpg,"PH04, PH11"
Trastuzumab syrup,236.17,Kidney function changes,Trastuzumab is commonly used for general conditions.,Used for general related symptoms/conditions.,Generic equivalent,General,/medicine_images/Trastuzumab_syrup_203.jpg,"PH44, PH32"
Fluoxetine 400mg,247.49,Tendonitis (rare),Fluoxetine is commonly used for general conditions.,Used for general related symptoms/conditions.,Consult pharmacist,General,/medicine_images/Fluoxetine_400mg_204.jpg,"PH12, PH76"
Amitriptyline 10mg,33.06,Increased liver enzymes,Amitriptyline is commonly used for general conditions.,Used for general related symptoms/conditions.,Alternative in same class,General,/medicine_images/Amitriptyline_10mg_207.jpg,"PH17, PH04"
Donepezil 5mg,101.9,"Nausea, vomiting",Donepezil is commonly used for general conditions.,Used for general related symptoms/conditions.,Generic equivalent,General,/medicine_images/Donepezil_5mg_208.jpg,"PH11, PH44"
Multivitamins 50mg,266.6,Dry mouth,Multivitamins is commonly used for general conditions.,Used for general related symptoms/conditions.,Consult pharmacist,General,/medicine_images/Multivitamins_50mg_209.jpg,"PH32, PH12"
Sildenafil 400mg,213.01,Drowsiness,Sildenafil is commonly used for general conditions.,Used for general related symptoms/conditions.,Tadalafil,General,/medicine_images/Sildenafil_400mg_210.jpg,"PH76, PH17"
Levetiracetam cream,99.84,Oral thrush (with inhaled steroids),Levetiracetam is commonly used for general conditions.,Used for general related symptoms/conditions.,Consult pharmacist,General,/medicine_images/Levetiracetam_cream_211.jpg,"PH04, PH11"
adol 500mg,25,"nausea, rash",Paracetamol painkiller,"fever, headache","panadol, paracetamol",analgesic,/medicine_images/adol_500mg_caplets.jpg,"PH44, PH32"
amoxicillin,60,"diarrhea, allergy",Penicillin antibiotic,bacterial infection,"amoxil, augmentin",antibiotic,/medicine_images/Amoxicillin_500mg.jpg,"PH12, PH76"
amoxicillin-clavulanate,90,diarrhea,Antibiotic with inhibitor,respiratory infection,"augmentin, clavimox",antibiotic,/medicine_images/amoxicillin-clavulanate_875mg.jpg,"PH17, PH04"
amoxil,65,diarrhea,Brand of amoxicillin,infection,amoxicillin,antibiotic,/medicine_images/amoxil_500mg.jpg,"PH11, PH44"
antinal,45,nausea,Antidiarrheal,diarrhea,flagyl,antidiarrheal,/medicine_images/antinal_220mg.jpg,"PH32, PH12"
aspirin,30,stomach pain,NSAID,"pain, heart",plavix,NSAID,/medicine_images/Aspirin.jpg,"PH76, PH17"
augmentin,120,diarrhea,Amoxicillin + clavulanate,infection,clavimox,antibiotic,/medicine_images/augmentin_125mg.jpg,"PH04, PH11"
azithromycin,85,stomach upset,Macrolide antibiotic,chest infection,zithromax,antibiotic,/medicine_images/aazithromycin_500mg.jpg,"PH44, PH32"
brufen,35,gastritis,Ibuprofen brand,"pain, fever",ibuprofen,NSAID,medicine_images/brufen_400mg.jpg,"PH12, PH76"
buscopan,50,dry mouth,Antispasmodic,colon spasm,motilium,antispasmodic,/medicine_images/buscopan_10mg.jpg,"PH17, PH04"
cataflam,40,stomach pain,Diclofenac potassium,pain,voltaren,NSAID,/medicine_images/cataflam_50mg.jpg,"PH11, PH44"
cetafen,30,nausea,Paracetamol + caffeine,headache,panadol,analgesic,/medicine_images/cetafen.jpg,"PH32, PH12"
clarithromycin,110,metallic taste,Macrolide antibiotic,infection,azithromycin,antibiotic,/medicine_images/clarithromycin_500mg.jpg,"PH76, PH17"
clavimox,95,diarrhea,Amoxicillin-clavulanate,infection,augmentin,antibiotic,/medicine_images/clavimox_1gm.jpg,"PH04, PH11"
concor,75,dizziness,Beta blocker,hypertension,enalapril,cardiovascular,/medicine_images/concor_5mg.jpg,"PH44, PH32"
crestor,180,muscle pain,Rosuvastatin brand,cholesterol,rosuvastatin,statin,/medicine_images/crestor_10mg.jpg,"PH12, PH76"
diclofenac,28,gastritis,NSAID,pain,voltaren,NSAID,/medicine_images/diclofenac_25mg.jpg,"PH17, PH04"
enalapril,35,cough,ACE inhibitor,blood pressure,valsartan,antihypertensive,/medicine_images/enalapril_20mg.jpg,"PH11, PH44"
erythrocin,70,nausea,Erythromycin antibiotic,infection,azithromycin,antibiotic,/medicine_images/erythrocin_500mg.jpg,"PH32, PH12"
esomeprazole,90,headache,PPI,acidity,nexium,PPI,/medicine_images/esomeprazole_40mg.jpg,"PH76, PH17"
fexofenadine,55,dizziness,Antihistamine,allergy,loratadine,antihistamine,/medicine_images/fexofenadine_180mg.jpg,"PH04, PH11"
flagyl,40,metallic taste,Metronidazole,"diarrhea, infection",antinal,antibiotic,/medicine_images/flagyl_200mg.jpg,"PH44, PH32"
gastrogel,25,constipation,Antacid suspension,acidity,rennie,antacid,/medicine_images/gastrogel_150mg.jpg,"PH12, PH76"
glimepiride,60,hypoglycemia,Oral antidiabetic,diabetes,glucophage,antidiabetic,/medicine_images/glimepiride_4mg.jpg,"PH17, PH04"
glucophage,65,diarrhea,Metformin brand,diabetes,glimepiride,antidiabetic,/medicine_images/glucophage_1000mg.jpg,"PH11, PH44"
ibuprofen,30,stomach pain,NSAID,"pain, fever",brufen,NSAID,/medicine_images/ibuprofen_200mg.jpg,"PH32, PH12"
insulatard,150,hypoglycemia,Long acting insulin,diabetes,mixtard,insulin,/medicine_images/insulatard_100UI.jpg,"PH76, PH17"
insulin,130,hypoglycemia,Hormone injection,diabetes,insulatard,hormone,/medicine_images/insulin_aspart.jpg,"PH04, PH11"
keflex,80,diarrhea,Cephalexin antibiotic,infection,amoxicillin,antibiotic,/medicine_images/keflex_500mg.jpg,"PH44, PH32"
lasix,40,dehydration,Diuretic,edema,—,diuretic,/medicine_images/lasix_40mg.jpg,"PH12, PH76"
lipitor,160,muscle pain,Atorvastatin brand,cholesterol,simvastatin,statin,/medicine_images/lipitor_80mg.jpg,"PH17, PH04"
loratadine,35,headache,Antihistamine,allergy,fexofenadine,antihistamine,/medicine_images/loratadine_10mg_tablets.jpg,"PH11, PH44"
mixtard,155,hypoglycemia,Mixed insulin,diabetes,insulatard,insulin,/medicine_images/mixtard.jpg,"PH32, PH12"
motilium,45,drowsiness,Antiemetic,vomiting,buscopan,antiemetic,/medicine_images/motilium_10mg.jpg,"PH76, PH17"
naproxen,50,gastritis,NSAID,pain,ibuprofen,NSAID,/medicine_images/Naproxen_200mg.jpg,"PH04, PH11"
nexium,140,headache,Esomeprazole brand,GERD,omeprazole,PPI,/medicine_images/nexium_20mg.jpg,"PH44, PH32"
nifedipine,55,flushing,Calcium blocker,hypertension,amlodipine,antihypertensive,/medicine_images/nifedipine_20mg.jpg,"PH12, PH76"
nystatin,35,irritation,Antifungal,oral thrush,—,antifungal,/medicine_images/Nystatin_20mg.jpg,"PH17, PH04"
omeprazole,45,headache,PPI,GERD,pantoprazole,PPI,/medicine_images/Omeprazole_50mg.jpg,"PH11, PH44"
panadol,32,nausea,Paracetamol brand,fever,adol,analgesic,/medicine_images/panadol.jpg,"PH32, PH12"
pantoprazole,60,headache,PPI,ulcer,omeprazole,PPI,/medicine_images/Pantoprazole_20mg.jpg,"PH76, PH17"
paracetamol,22,liver toxicity,Analgesic,"pain, fever",panadol,analgesic,/medicine_images/paracetamol_650mg.jpg,"PH04, PH11"
plavix,210,bleeding,Antiplatelet,heart disease,aspirin,antiplatelet,/medicine_images/plavix_75mg.jpg,"PH44, PH32"
ponstan,55,stomach pain,Mefenamic acid,pain,cataflam,NSAID,/medicine_images/ponstan_500mg.jpg,"PH12, PH76"
rennie,38,constipation,Antacid,heartburn,gastrogel,antacid,/medicine_images/rennie_80mg.jpg,"PH17, PH04"
rosuvastatin,170,muscle pain,Statin,cholesterol,crestor,statin,/medicine_images/rosuvastatin.jpg,"PH11, PH44"
simvastatin,90,muscle pain,Statin,cholesterol,lipitor,statin,/medicine_images/simvastatin_20mg.jpg,"PH32, PH12"
tadalafil,95,headache,PDE5 inhibitor,ED,sildenafil,urology,/medicine_images/tadalafil_20mg.jpg,"PH76, PH17"
valsartan,85,dizziness,ARB,hypertension,enalapril,antihypertensive,/medicine_images/valsartan_40mg.jpg,"PH04, PH11"
voltaren,48,gastritis,Diclofenac brand,pain,cataflam,NSAID,/medicine_images/voltaren.jpg,"PH44, PH32"
voriconazole,260,vision issues,Antifungal,fungal infection,fluconazole,antifungal,/medicine_images/voriconazole.jpg,"PH12, PH76"
zithromax,100,diarrhea,Azithromycin brand,infection,azithromycin,antibiotic,/medicine_images/zithromax.jpg,"PH17, PH04"
