name,price,sideeffect,description,uses,alternatives,category,image_url,pharmacies
Amikacin (ampoule),43.16,Blurred vision,Amikacin is commonly used in antibiotics treatments.,Used for conditions related to antibiotics.,"clavimox, insulatard, lasix",Antibiotics,medicine_images/Amikacin_ampoule_0.jpg,"PH04, PH32"
Baclofen 500mg,278.77,Palpitations,Baclofen is commonly used in neurology treatments.,Used for conditions related to neurology.,"antinal, insulatard, paracetamol",Neurology,medicine_images/Baclofen_500mg_1.jpg,"PH12, PH17, PH44"
Beclomethasone (cream),205.85,Headache,Beclomethasone is commonly used in respiratory/allergy treatments.,Used for conditions related to respiratory/allergy.,"amoxil, antinal, nexium",Respiratory/Allergy,medicine_images/Beclomethasone_cream_2.jpg,"PH32, PH76"
Bethanechol (cream),126.25,Vomiting,Bethanechol is commonly used in gastrointestinal treatments.,Used for conditions related to gastrointestinal.,"amoxil, motilium, omeprazole",Gastrointestinal,medicine_images/Bethanechol_cream_3.jpg,"PH11, PH17, PH44"
Bisoprolol 10mg,345.65,Headache,Bisoprolol is commonly used in cardiovascular treatments.,Used for conditions related to cardiovascular.,"motilium, ponstan, rennie",Cardiovascular,medicine_images/Bisoprolol_100mg_6.jpg,"PH12, PH32"
Budesonide/Formoterol 20mg,272.84,Nausea,Budesonide/Formoterol is commonly used in respiratory/allergy treatments.,Used for conditions related to respiratory/allergy.,"aspirin, cetafen, motilium",Respiratory/Allergy,medicine_images/BudesonideFormoterol_20mg_7.jpg,"PH11, PH76"
Candesartan 10mg,589.3,Edema,Candesartan is commonly used in cardiovascular treatments.,Used for conditions related to cardiovascular.,"ibuprofen, insulatard, motilium",Cardiovascular,medicine_images/Candesartan_10mg_8.jpg,"PH04, PH44"
Ciclesonide 300mg,197.95,Stomach pain,Ciclesonide is commonly used in respiratory/allergy treatments.,Used for conditions related to respiratory/allergy.,"brufen, concor, nexium",Respiratory/Allergy,medicine_images/Ciclesonide_300mg_11.jpg,"PH12, PH17"
Cilostazol 50mg,168.77,Vomiting,Cilostazol is commonly used in cardiovascular treatments.,Used for conditions related to cardiovascular.,"cataflam, concor, panadol",Cardiovascular,medicine_images/Cilostazol_300mg_12.jpg,"PH04, PH76"
Clindamycin 2%,44.25,Weight gain,Clindamycin is commonly used in antibiotics treatments.,Used for conditions related to antibiotics.,"aspirin, mixtard, omeprazole",Antibiotics,medicine_images/Clindamycin_2_14.jpg,"PH11, PH32, PH44"
Clomipramine (tablet),468.47,Dry mouth,Clomipramine is commonly used in neurology/psychiatry treatments.,Used for conditions related to neurology/psychiatry.,"aspirin, buscopan, panadol",Neurology/Psychiatry,medicine_images/Clomipramine_tablet_15.jpg,"PH17, PH12"
Clonazepam (patch),138.6,Hypotension,Clonazepam is commonly used in neurology/psychiatry treatments.,Used for conditions related to neurology/psychiatry.,"aspirin, buscopan, mixtard",Neurology/Psychiatry,medicine_images/Clonazepam_patch_16.jpg,"PH04, PH32"
Cyclobenzaprine (tablet),105.79,Headache,Cyclobenzaprine is commonly used in painkillers treatments.,Used for conditions related to painkillers.,"glucophage, motilium, voltaren",Painkillers,medicine_images/Cyclobenzaprine_tablet_18.jpg,"PH11, PH44, PH76"
Desmopressin 100mg,383.8,Weight loss,Desmopressin is commonly used in endocrine treatments.,Used for conditions related to endocrine.,"antinal, mixtard, voltaren",Endocrine,medicine_images/Desmopressin_100mg_20.jpg,"PH12, PH17"
Dextromethorphan 10mg,130.33,Photosensitivity,Dextromethorphan is commonly used in respiratory/allergy treatments.,Used for conditions related to respiratory/allergy.,"aspirin, augmentin, clavimox",Respiratory/Allergy,medicine_images/Dextromethorphan_10mg_21.jpg,"PH32, PH04"
Dexlansoprazole (solution),183.9,Constipation,Dexlansoprazole is commonly used in gastrointestinal treatments.,Used for conditions related to gastrointestinal.,"buscopan, mixtard, motilium",Gastrointestinal,medicine_images/Dexlansoprazole_solution_22.jpg,"PH11, PH76"
Diazoxide 50mg,299.92,Drowsiness,Diazoxide is commonly used in general treatments.,Used for conditions related to general.,"brufen, ibuprofen, ponstan",General,medicine_images/Diazoxide_50mg_23.jpg,"PH44, PH12"
Diltiazem 50mg,341.01,Weight gain,Diltiazem is commonly used in cardiovascular treatments.,Used for conditions related to cardiovascular.,"flagyl, gastrogel, nexium",Cardiovascular,medicine_images/Diltiazem_50mg_25.jpg,"PH17, PH32"
Dobutamine (ampoule),247.21,Photosensitivity,Dobutamine is commonly used in cardiology treatments.,Used for conditions related to cardiology.,"clavimox, mixtard, motilium",Cardiology,medicine_images/Dobutamine_ampoule_27.jpg,"PH04, PH11"
Dopamine (ampoule),179.94,Cough,Dopamine is commonly used in cardiology treatments.,Used for conditions related to cardiology.,"concor, lipitor, motilium",Cardiology,medicine_images/Dopamine_ampoule_28.jpg,"PH76, PH44"
Enoxaparin 10mg,105.95,Nausea,Enoxaparin is commonly used in cardiology treatments.,Used for conditions related to cardiology.,"concor, flagyl, lasix",Cardiology,medicine_images/Enoxaparin_10mg_30.jpg,"PH12, PH32"
Etanercept 50mg,789.6,Dizziness,Etanercept is commonly used in rheumatology treatments.,Used for conditions related to rheumatology.,"augmentin, motilium, voltaren",Rheumatology,medicine_images/Etanercept_50mg_35.jpg,"PH17, PH04"
Fenofibrate 80mg,518.46,Rash,Fenofibrate is commonly used in cardiovascular treatments.,Used for conditions related to cardiovascular.,"clavimox, keflex, lipitor",Cardiovascular,medicine_images/Fenofibrate_500mg_37.jpg,"PH11, PH76"
Finasteride 1%,304.31,Diarrhea,Finasteride is commonly used in urology treatments.,Used for conditions related to urology.,"amoxil, concor, ponstan",Urology,medicine_images/Finasteride_1_39.jpg,"PH44, PH12"
Fosinopril (cream),569.65,Rash,Fosinopril is commonly used in cardiovascular treatments.,Used for conditions related to cardiovascular.,"cataflam, erythrocin, glucophage",Cardiovascular,medicine_images/Fosinopril_cream_40.jpg,"PH32, PH17"
Furosemide (tablet),481.51,Headache,Furosemide is commonly used in cardiovascular treatments.,Used for conditions related to cardiovascular.,"aspirin, brufen, plavix",Cardiovascular,medicine_images/Furosemide_tablet_41.jpg,"PH04, PH11"
Gatifloxacin (solution),62.9,Anemia,Gatifloxacin is commonly used in antibiotics treatments.,Used for conditions related to antibiotics.,"keflex, panadol, plavix",Antibiotics,medicine_images/Gatifloxacin_solution_42.jpg,"PH76, PH44"
Gemcitabine (syrup),1713.52,Bleeding tendency,Gemcitabine is commonly used in oncology treatments.,Used for conditions related to oncology.,"adol, brufen, panadol",Oncology,medicine_images/Gemcitabine_syrup_43.jpg,"PH12, PH32"
Hydroxyzine 1%,66.78,Headache,Hydroxyzine is commonly used in allergy treatments.,Used for conditions related to allergy.,"erythrocin, motilium, plavix",Allergy,medicine_images/Hydroxyzine_1_47.jpg,"PH17, PH04"
Pioglitazone (syrup),260.73,Constipation,Pioglitazone is commonly used in diabetes treatments.,Used for conditions related to diabetes.,"adol, brufen, lasix",Diabetes,medicine_images/Pioglitazone_syrup_52.jpg,"PH11, PH44"
Propranolol LA 20mg,105.3,Stomach pain,Propranolol LA is commonly used in cardiology/neurology treatments.,Used for conditions related to cardiology/neurology.,"aspirin, lasix, ponstan",Cardiology/Neurology,medicine_images/Propranolol_LA_10mg_54.jpg,"PH32, PH76"
Mycophenolate mofetil (syrup),163.4,Constipation,Mycophenolate mofetil is commonly used in immunology treatments.,Used for conditions related to immunology.,"adol, lasix, motilium",Immunology,medicine_images/Mycophenolate_mofetil_syrup_57.jpg,"PH12, PH17"
Phenytoin 400mg,470.06,Muscle pain,Phenytoin is commonly used in neurology treatments.,Used for conditions related to neurology.,"flagyl, panadol, voltaren",Neurology,medicine_images/Phenytoin_400mg_58.jpg,"PH04, PH11"
Olmesartan 400mg,351.84,Photosensitivity,Olmesartan is commonly used in cardiovascular treatments.,Used for conditions related to cardiovascular.,"amoxil, mixtard, rennie",Cardiovascular,medicine_images/Olmesartan_400mg_61.jpg,"PH44, PH32"
Isosorbide mononitrate 20mg,153.26,Kidney impairment,Isosorbide mononitrate is commonly used in cardiology treatments.,Used for conditions related to cardiology.,"augmentin, lasix, plavix",Cardiology,medicine_images/Isosorbide_mononitrate_20mg_62.jpg,"PH17, PH04"
Orlistat (tablet),47.18,Dizziness,Orlistat is commonly used in gastrointestinal treatments.,Used for conditions related to gastrointestinal.,"lasix, omeprazole, panadol",Gastrointestinal,medicine_images/Orlistat_tablet_65.jpg,"PH11, PH76"
Desloratadine 300mg,132.99,Weight gain,Desloratadine is commonly used in allergy treatments.,Used for conditions related to allergy.,"amoxil, antinal, lasix",Allergy,medicine_images/Desloratadine_300mg_67.jpg,"PH32, PH44"
Colchicine 100mg,428.23,Hypotension,Colchicine is commonly used in rheumatology treatments.,Used for conditions related to rheumatology.,"aspirin, cataflam, lipitor, Colchitrust, Colchimed",Rheumatology,medicine_images/Colchicine_100mg_69.jpg,"PH12, PH17"
Glyburide 5mg,351.38,Hypertension,Glyburide is commonly used in diabetes treatments.,Used for conditions related to diabetes.,"flagyl, insulatard, motilium",Diabetes,medicine_images/Glyburide_5mg_70.jpg,"PH04, PH11"
Gatifloxacin 5mg,108.73,Nausea,Gatifloxacin is commonly used in antibiotics treatments.,Used for conditions related to antibiotics.,"cetafen, crestor, panadol",Antibiotics,medicine_images/Gatifloxacin_5mg_71.jpg,"PH76, PH44"
Norepinephrine (tablet),422.68,Headache,Norepinephrine is commonly used in emergency treatments.,Used for conditions related to emergency.,"adol, buscopan, voltaren",Emergency,medicine_images/Norepinephrine_tablet_72.jpg,"PH32, PH12"
Benzonatate (solution),119.02,Anemia,Benzonatate is commonly used in general treatments.,Used for conditions related to general.,"cetafen, motilium, rennie",General,medicine_images/Benzonatate_solution_75.jpg,"PH17, PH04"
Zidovudine 300mg,944.88,Bleeding tendency,Zidovudine is commonly used in infectious diseases treatments.,Used for conditions related to infectious diseases.,"insulatard, nexium, zithromax",Infectious Diseases,medicine_images/Zidovudine_300mg_78.jpg,"PH11, PH44"
Repaglinide 300mg,93.4,Stomach pain,Repaglinide is commonly used in diabetes treatments.,Used for conditions related to diabetes.,"adol, cetafen, plavix",Diabetes,medicine_images/Repaglinide_300mg_81.jpg,"PH32, PH76"
Naltrexone 1%,114.01,Cough,Naltrexone is commonly used in addiction treatments.,Used for conditions related to addiction.,"adol, amoxil, omeprazole",Addiction,medicine_images/Naltrexone_1_82.jpg,"PH12, PH17"
Mirabegron (syrup),337.19,Increased liver enzymes,Mirabegron is commonly used in urology treatments.,Used for conditions related to urology.,"amoxil, brufen, clavimox",Urology,medicine_images/Mirabegron_syrup_83.jpg,"PH04, PH11"
Ramipril (capsule),98.93,Hypertension,Ramipril is commonly used in cardiovascular treatments.,Used for conditions related to cardiovascular.,"mixtard, omeprazole, ponstan",Cardiovascular,medicine_images/Ramipril_capsule_84.jpg,"PH44, PH32"
Fosinopril 20mg,589.36,Stomach pain,Fosinopril is commonly used in cardiovascular treatments.,Used for conditions related to cardiovascular.,"buscopan, plavix, zithromax",Cardiovascular,medicine_images/Fosinopril_20mg_85.jpg,"PH17, PH04"
Amikacin 200mg,142.28,Bleeding tendency,Amikacin is commonly used in antibiotics treatments.,Used for conditions related to antibiotics.,"ibuprofen, keflex, rennie",Antibiotics,medicine_images/Amikacin_200mg_87.jpg,"PH11, PH76"
Pemetrexed 400mg,3256.67,Diarrhea,Pemetrexed is commonly used in oncology treatments.,Used for conditions related to oncology.,"aspirin, brufen, clavimox",Oncology,medicine_images/Pemetrexed_400mg_88.jpg,"PH32, PH44"
Testosterone gel (capsule),304.7,Blurred vision,Testosterone gel is commonly used in endocrine treatments.,Used for conditions related to endocrine.,"brufen, nexium, zithromax",Endocrine,medicine_images/Testosterone_gel_capsule_90.jpg,"PH12, PH17"
Esmolol (solution),101.74,Drowsiness,Esmolol is commonly used in cardiovascular treatments.,Used for conditions related to cardiovascular.,"adol, cetafen, voltaren",Cardiovascular,medicine_images/Esmolol_solution_91.jpg,"PH04, PH11"
Oxytocin 5mg,64.79,Palpitations,Oxytocin is commonly used in obstetrics treatments.,Used for conditions related to obstetrics.,"buscopan, insulatard, omeprazole",Obstetrics,medicine_images/Oxytocin_5mg_92.jpg,"PH76, PH44"
Zoledronic acid (solution),365.85,Palpitations,Zoledronic acid is commonly used in bone treatments.,Used for conditions related to bone.,"antinal, aspirin, motilium",Bone,medicine_images/Zoledronic_acid_solution_94.jpg,"PH32, PH12"
Verapamil 5mg,87.96,Dry mouth,Verapamil is commonly used in cardiology treatments.,Used for conditions related to cardiology.,"erythrocin, mixtard, voltaren",Cardiology,medicine_images/Verapamil_5mg_95.jpg,"PH17, PH04"
Ketolac 5mg,144.76,Rash,Ketorolac is commonly used in painkillers treatments.,Used for conditions related to painkillers.,"adol, motilium, zithromax, Cataflam, Voltaren",Painkillers,medicine_images/Ketorolac_5mg_96.jpg,"PH11, PH44"
Sitagliptin 10mg,343.26,Anemia,Sitagliptin is commonly used in diabetes treatments.,Used for conditions related to diabetes.,"aspirin, keflex, omeprazole",Diabetes,medicine_images/Sitagliptin_10mg_98.jpg,"PH32, PH76"
Clonazepam 500mg,584.38,Vomiting,Clonazepam is commonly used in neurology/psychiatry treatments.,Used for conditions related to neurology/psychiatry.,"erythrocin, gastrogel, plavix",Neurology/Psychiatry,medicine_images/Clonazepam_500mg_99.jpg,"PH12, PH17"
Desmopressin 10mg,488.14,Kidney impairment,Desmopressin is commonly used in endocrine treatments.,Used for conditions related to endocrine.,"brufen, flagyl, voltaren",Endocrine,medicine_images/Desmopressin_10mg_101.jpg,"PH04, PH11"
Misoprostol 20mg,172.61,Headache,Misoprostol is commonly used in gastrointestinal treatments.,Used for conditions related to gastrointestinal.,"augmentin, glucophage, lipitor",Gastrointestinal,medicine_images/Misoprostol_20mg_102.jpg,"PH76, PH44"
Tizanidine 300mg,310.53,Nausea,Tizanidine is commonly used in neurology treatments.,Used for conditions related to neurology.,"adol, clavimox, motilium",Neurology,medicine_images/Tizanidine_300mg_104.jpg,"PH32, PH12"
Indapamide 300mg,31.82,Constipation,Indapamide is commonly used in cardiovascular treatments.,Used for conditions related to cardiovascular.,"brufen, buscopan, keflex",Cardiovascular,medicine_images/Indapamide_300mg_105.jpg,"PH17, PH04"
Metolazone 400mg,100.51,Constipation,Metolazone is commonly used in cardiovascular treatments.,Used for conditions related to cardiovascular.,"flagyl, plavix, zithromax",Cardiovascular,medicine_images/Metolazone_400mg_107.jpg,"PH11, PH44"
Glyburide 50mg,225.36,Cough,Glyburide is commonly used in diabetes treatments.,Used for conditions related to diabetes.,"aspirin, glucophage, paracetamol",Diabetes,medicine_images/Glyburide_50mg_108.jpg,"PH32, PH76"
Paracetamol ointment,25.71,Hypoglycemia risk,Paracetamol is commonly used for painkiller conditions.,Used for painkiller related symptoms/conditions.,"aspirin, ibuprofen",Painkiller,medicine_images/Paracetamol_ointment_109.jpg,"PH04, PH11"
Ibuprofen cream,10.09,Photosensitivity,Ibuprofen is commonly used for painkiller conditions.,Used for painkiller related symptoms/conditions.,"diclofenac, paracetamol",Painkiller,medicine_images/Ibuprofen_cream_110.jpg,"PH12, PH17"
Diclofenac 50mg,22.5,Photosensitivity,Diclofenac is commonly used for painkiller conditions.,Used for painkiller related symptoms/conditions.,"ibuprofen, naproxen",Painkiller,medicine_images/Diclofenac_50mg_111.jpg,"PH32, PH44"
Naproxen 200mg,32.55,Drowsiness,Naproxen is commonly used for painkiller conditions.,Used for painkiller related symptoms/conditions.,generic equivalent,Painkiller,medicine_images/Naproxen_200mg_112.jpg,"PH17, PH04"
Aspirin 300mg,88.17,Cough,Aspirin is commonly used for painkiller conditions.,Used for painkiller related symptoms/conditions.,consult pharmacist,Painkiller,medicine_images/Aspirin_300mg_113.jpg,"PH11, PH76"
Amoxicillin 100mg,292.05,Oral thrush (with inhaled steroids),Amoxicillin is commonly used for antibiotic conditions.,Used for antibiotic related symptoms/conditions.,"amoxicillin-clavulanate, azithromycin",Antibiotic,medicine_images/Amoxicillin_100mg_114.jpg,"PH04, PH32"
Amoxicillin-Clavulanate capsule,112.8,"Nausea, vomiting",Amoxicillin-Clavulanate is commonly used for general conditions.,Used for general related symptoms/conditions.,alternative in same class,General,medicine_images/Amoxicillin-Clavulanate_capsule_115.jpg,"PH11, PH44"
Levofloxacin ointment,291,Diarrhea,Levofloxacin is commonly used for general conditions.,Used for general related symptoms/conditions.,alternative in same class,General,medicine_images/Levofloxacin_ointment_118.jpg,"PH32, PH76"
Cefuroxime capsule,313.09,Dry mouth,Cefuroxime is commonly used for antibiotic conditions.,Used for antibiotic related symptoms/conditions.,alternative in same class,Antibiotic,medicine_images/Cefuroxime_capsule_119.jpg,"PH17, PH04"
Ceftriaxone 500mg,248.49,Kidney function changes,Ceftriaxone is commonly used for general conditions.,Used for general related symptoms/conditions.,alternative in same class,General,medicine_images/Ceftriaxone_500mg_120.jpg,"PH11, PH44"
Doxycycline capsule,226.69,Dry mouth,Doxycycline is commonly used for antibiotic conditions.,Used for antibiotic related symptoms/conditions.,generic equivalent,Antibiotic,medicine_images/Doxycycline_capsule_121.jpg,"PH32, PH12"
Clarithromycin 250mg,229.54,Allergic reaction,Clarithromycin is commonly used for general conditions.,Used for general related symptoms/conditions.,generic equivalent,General,medicine_images/Clarithromycin_250mg_122.jpg,"PH76, PH17"
Linezolid spray,18.25,Kidney function changes,Linezolid is commonly used for general conditions.,Used for general related symptoms/conditions.,alternative in same class,General,medicine_images/Linezolid_spray_123.jpg,"PH04, PH11"
Nitrofurantoin solution,100.5,Palpitations,Nitrofurantoin is commonly used for general conditions.,Used for general related symptoms/conditions.,generic equivalent,General,medicine_images/Nitrofurantoin_solution_125.jpg,"PH44, PH32"
Vancomycin 400mg,10.1,Cough,Vancomycin is commonly used for general conditions.,Used for general related symptoms/conditions.,alternative in same class,General,medicine_images/Vancomycin_400mg_128.jpg,"PH12, PH76"
Meropenem spray,166.34,Allergic reaction,Meropenem is commonly used for general conditions.,Used for general related symptoms/conditions.,consult pharmacist,General,medicine_images/Meropenem_spray_129.jpg,"PH17, PH04"
Imipenem cream,275.99,Kidney function changes,Imipenem is commonly used for general conditions.,Used for general related symptoms/conditions.,alternative in same class,General,medicine_images/Imipenem_cream_130.jpg,"PH11, PH44"
Metronidazole 50mg,99.02,"Nausea, vomiting",Metronidazole is commonly used for general conditions.,Used for general related symptoms/conditions.,alternative in same class,General,medicine_images/Metronidazole_50mg_131.jpg,"PH32, PH12"
Fluconazole spray,134.17,"Headache, dizziness",Fluconazole is commonly used for antifungal conditions.,Used for antifungal related symptoms/conditions.,"nystatin (topical), voriconazole (systemic)",Antifungal,medicine_images/Fluconazole_spray_132.jpg,"PH76, PH17"
Nystatin 20mg,77.33,Stomach upset,Nystatin is commonly used for antifungal conditions.,Used for antifungal related symptoms/conditions.,alternative in same class,Antifungal,medicine_images/Nystatin_20mg_133.jpg,"PH04, PH11"
Clotrimazole capsule,257.87,Stomach upset,Clotrimazole is commonly used for general conditions.,Used for general related symptoms/conditions.,generic equivalent,General,medicine_images/Clotrimazole_capsule_134.jpg,"PH44, PH32"
Ketoconazole cream,13.3,Allergic reaction,Ketoconazole is commonly used for general conditions.,Used for general related symptoms/conditions.,generic equivalent,General,medicine_images/Ketoconazole_cream_135.jpg,"PH12, PH76"
Miconazole 20mg,281.29,"Rash, itching",Miconazole is commonly used for general conditions.,Used for general related symptoms/conditions.,alternative in same class,General,medicine_images/Miconazole_20mg_136.jpg,"PH17, PH04"
Omeprazole 50mg,148.94,Palpitations,Omeprazole is commonly used for antacid conditions.,Used for antacid related symptoms/conditions.,"esomeprazole, pantoprazole",Antacid,medicine_images/Omeprazole_50mg_137.jpg,"PH11, PH44"
Pantoprazole 400mg,148.71,Kidney function changes,Pantoprazole is commonly used for antacid conditions.,Used for antacid related symptoms/conditions.,alternative in same class,Antacid,medicine_images/Pantoprazole_400mg_138.jpg,"PH32, PH12"
Esomeprazole 2%,53.67,Insomnia,Esomeprazole is commonly used for general conditions.,Used for general related symptoms/conditions.,alternative in same class,General,medicine_images/Esomeprazole_2_139.jpg,"PH76, PH17"
Lansoprazole 400mg,79.76,Weight gain,Lansoprazole is commonly used for general conditions.,Used for general related symptoms/conditions.,generic equivalent,General,medicine_images/Lansoprazole_400mg_141.jpg,"PH04, PH11"
Metoclopramide 1%,85.36,Diarrhea,Metoclopramide is commonly used for general conditions.,Used for general related symptoms/conditions.,consult pharmacist,General,medicine_images/Metoclopramide_1_144.jpg,"PH44, PH32"
Loperamide 5mg,222.6,Dry mouth,Loperamide is commonly used for gastrointestinal conditions.,Used for gastrointestinal related symptoms/conditions.,alternative in same class,Gastrointestinal,medicine_images/Loperamide_5mg_145.jpg,"PH12, PH76"
Sucralfate tablet,189.86,Weight gain,Sucralfate is commonly used for general conditions.,Used for general related symptoms/conditions.,generic equivalent,General,medicine_images/Sucralfate_tablet_146.jpg,"PH17, PH04"
Metformin 50mg,374.64,Hypoglycemia risk,Metformin is commonly used for antidiabetic conditions.,Used for antidiabetic related symptoms/conditions.,"glimepiride, insulin",Antidiabetic,medicine_images/Metformin_50mg_149.jpg,"PH11, PH44"
Glimepiride 500mg,355.41,Oral thrush (with inhaled steroids),Glimepiride is commonly used for antidiabetic conditions.,Used for antidiabetic related symptoms/conditions.,consult pharmacist,Antidiabetic,medicine_images/Glimepiride_500mg_150.jpg,"PH32, PH12"
Vildagliptin 10mg,186.13,Drowsiness,Vildagliptin is commonly used for general conditions.,Used for general related symptoms/conditions.,alternative in same class,General,medicine_images/Vildagliptin_10mg_155.jpg,"PH76, PH17"
Pioglitazone 200mg,199.33,Muscle pain (myalgia),Pioglitazone is commonly used for general conditions.,Used for general related symptoms/conditions.,alternative in same class,General,medicine_images/Pioglitazone_200mg_156.jpg,"PH04, PH11"
Canagliflozin 10mg,203.24,Drowsiness,Canagliflozin is commonly used for general conditions.,Used for general related symptoms/conditions.,generic equivalent,General,medicine_images/Canagliflozin_10mg_158.jpg,"PH44, PH32"
Empagliflozin capsule,191.29,Oral thrush (with inhaled steroids),Empagliflozin is commonly used for general conditions.,Used for general related symptoms/conditions.,alternative in same class,General,medicine_images/Empagliflozin_capsule_159.jpg,"PH12, PH76"
Atorvastatin 200mg,233.82,Muscle pain (myalgia),Atorvastatin is commonly used for cardiovascular conditions.,Used for cardiovascular related symptoms/conditions.,"rosuvastatin, simvastatin",Cardiovascular,medicine_images/Atorvastatin_200mg_160.jpg,"PH17, PH04"
Rosuvastatin 300mg,250.36,Photosensitivity,Rosuvastatin is commonly used for general conditions.,Used for general related symptoms/conditions.,generic equivalent,General,medicine_images/Rosuvastatin_300mg_162.jpg,"PH11, PH44"
Amlodipine injection,339.87,Diarrhea,Amlodipine is commonly used for cardiovascular conditions.,Used for cardiovascular related symptoms/conditions.,"enalapril, nifedipine",Cardiovascular,medicine_images/Amlodipine_injection_165.jpg,"PH32, PH12"
Losartan 300mg,221.88,Tendonitis (rare),Losartan is commonly used for cardiovascular conditions.,Used for cardiovascular related symptoms/conditions.,"enalapril, valsartan",Cardiovascular,medicine_images/Losartan_300mg_166.jpg,"PH76, PH17"
Enalapril 100mg,248.09,Stomach upset,Enalapril is commonly used for general conditions.,Used for general related symptoms/conditions.,alternative in same class,General,medicine_images/Enalapril_100mg_167.jpg,"PH04, PH11"
Captopril capsule,275.08,Constipation,Captopril is commonly used for general conditions.,Used for general related symptoms/conditions.,generic equivalent,General,medicine_images/Captopril_capsule_168.jpg,"PH44, PH32"
Bisoprolol 100mg,218.77,Kidney function changes,Bisoprolol is commonly used for general conditions.,Used for general related symptoms/conditions.,generic equivalent,General,medicine_images/Bisoprolol_100mg_170.jpg,"PH12, PH76"
Propranolol 10mg,23.23,Injection site pain,Propranolol is commonly used for general conditions.,Used for general related symptoms/conditions.,consult pharmacist,General,medicine_images/Propranolol_10mg_171.jpg,"PH17, PH04"
Nitroglycerin 500mg,68.41,Cough,Nitroglycerin is commonly used for general conditions.,Used for general related symptoms/conditions.,consult pharmacist,General,medicine_images/Nitroglycerin_500mg_177.jpg,"PH11, PH44"
Isosorbide mononitrate tablet,220.7,Palpitations,Isosorbide mononitrate is commonly used for general conditions.,Used for general related symptoms/conditions.,consult pharmacist,General,medicine_images/Isosorbide_mononitrate_tablet_178.jpg,"PH32, PH12"
Furosemide 300mg,208.78,Palpitations,Furosemide is commonly used for general conditions.,Used for general related symptoms/conditions.,consult pharmacist,General,medicine_images/Furosemide_300mg_179.jpg,"PH76, PH17"
Hydrochlorothiazide 400mg,118.8,Oral thrush (with inhaled steroids),Hydrochlorothiazide is commonly used for general conditions.,Used for general related symptoms/conditions.,alternative in same class,General,medicine_images/Hydrochlorothiazide_400mg_181.jpg,"PH04, PH11"
Prednisolone 100mg,69.23,Stomach upset,Prednisolone is commonly used for general conditions.,Used for general related symptoms/conditions.,generic equivalent,General,medicine_images/Prednisolone_100mg_185.jpg,"PH44, PH32"
Methylprednisolone 5mg,248.38,Oral thrush (with inhaled steroids),Methylprednisolone is commonly used for general conditions.,Used for general related symptoms/conditions.,consult pharmacist,General,medicine_images/Methylprednisolone_5mg_186.jpg,"PH12, PH76"
Budesonide 100mg,68.61,Stomach upset,Budesonide is commonly used for respiratory/allergy conditions.,Used for respiratory/allergy related symptoms/conditions.,generic equivalent,Respiratory/Allergy,medicine_images/Budesonide_100mg_188.jpg,"PH17, PH04"
Formoterol ointment,24.97,Injection site pain,Formoterol is commonly used for general conditions.,Used for general related symptoms/conditions.,alternative in same class,General,medicine_images/Formoterol_ointment_190.jpg,"PH11, PH44"
Salmeterol 400mg,205.14,Diarrhea,Salmeterol is commonly used for general conditions.,Used for general related symptoms/conditions.,generic equivalent,General,medicine_images/Salmeterol_400mg_191.jpg,"PH32, PH12"
Montelukast 20mg,194.23,Stomach upset,Montelukast is commonly used for general conditions.,Used for general related symptoms/conditions.,generic equivalent,General,medicine_images/Montelukast_20mg_192.jpg,"PH76, PH17"
Ipratropium spray,218.31,Hypoglycemia risk,Ipratropium is commonly used for general conditions.,Used for general related symptoms/conditions.,consult pharmacist,General,medicine_images/Ipratropium_spray_193.jpg,"PH04, PH11"
Cetirizine 500mg,141.29,Muscle pain (myalgia),Cetirizine is commonly used for respiratory/allergy conditions.,Used for respiratory/allergy related symptoms/conditions.,"fexofenadine, loratadine",Respiratory/Allergy,medicine_images/Cetirizine_500mg_194.jpg,"PH44, PH32"
Loratadine solution,99.4,Muscle pain (myalgia),Loratadine is commonly used for respiratory/allergy conditions.,Used for respiratory/allergy related symptoms/conditions.,consult pharmacist,Respiratory/Allergy,medicine_images/Loratadine_solution_195.jpg,"PH12, PH76"
Fexofenadine 5mg,101,Oral thrush (with inhaled steroids),Fexofenadine is commonly used for general conditions.,Used for general related symptoms/conditions.,consult pharmacist,General,medicine_images/Fexofenadine_5mg_196.jpg,"PH17, PH04"
Chlorpheniramine spray,145.8,Tendonitis (rare),Chlorpheniramine is commonly used for general conditions.,Used for general related symptoms/conditions.,generic equivalent,General,medicine_images/Chlorpheniramine_spray_197.jpg,"PH11, PH44"
Fluticasone (nasal) 200mg,193.75,Injection site pain,Fluticasone (nasal) is commonly used for general conditions.,Used for general related symptoms/conditions.,consult pharmacist,General,medicine_images/Fluticasone_nasal_200mg_198.jpg,"PH32, PH12"
Insulin Lispro ointment,69.26,Bleeding tendency,Insulin Lispro is commonly used for general conditions.,Used for general related symptoms/conditions.,generic equivalent,General,medicine_images/Insulin_Lispro_ointment_201.jpg,"PH76, PH17"
Cetuximab capsule,288.85,Oral thrush (with inhaled steroids),Cetuximab is commonly used for general conditions.,Used for general related symptoms/conditions.,consult pharmacist,General,medicine_images/Cetuximab_capsule_202.jpg,"PH04, PH11"
Trastuzumab syrup,236.17,Kidney function changes,Trastuzumab is commonly used for general conditions.,Used for general related symptoms/conditions.,generic equivalent,General,medicine_images/Trastuzumab_syrup_203.jpg,"PH44, PH32"
Fluoxetine 400mg,247.49,Tendonitis (rare),Fluoxetine is commonly used for general conditions.,Used for general related symptoms/conditions.,consult pharmacist,General,medicine_images/Fluoxetine_400mg_204.jpg,"PH12, PH76"
Amitriptyline 10mg,33.06,Increased liver enzymes,Amitriptyline is commonly used for general conditions.,Used for general related symptoms/conditions.,alternative in same class,General,medicine_images/Amitriptyline_10mg_207.jpg,"PH17, PH04"
Donepezil 5mg,101.9,"Nausea, vomiting",Donepezil is commonly used for general conditions.,Used for general related symptoms/conditions.,generic equivalent,General,medicine_images/Donepezil_5mg_208.jpg,"PH11, PH44"
Multivitamins 50mg,266.6,Dry mouth,Multivitamins is commonly used for general conditions.,Used for general related symptoms/conditions.,consult pharmacist,General,medicine_images/Multivitamins_50mg_209.jpg,"PH32, PH12"
Sildenafil 400mg,213.01,Drowsiness,Sildenafil is commonly used for general conditions.,Used for general related symptoms/conditions.,tadalafil,General,medicine_images/Sildenafil_400mg_210.jpg,"PH76, PH17"
Levetiracetam cream,99.84,Oral thrush (with inhaled steroids),Levetiracetam is commonly used for general conditions.,Used for general related symptoms/conditions.,consult pharmacist,General,medicine_images/Levetiracetam_cream_211.jpg,"PH04, PH11"
adol 500mg,25,"nausea, rash",Paracetamol painkiller,"fever, headache","panadol, paracetamol",analgesic,medicine_images/adol_500mg_caplets.jpg,"PH44, PH32"
amoxicillin,60,"diarrhea, allergy",Penicillin antibiotic,bacterial infection,"amoxil, augmentin, keflex",antibiotic,medicine_images/Amoxicillin_500mg.jpg,"PH12, PH76"
amoxicillin-clavulanate,90,diarrhea,Antibiotic with inhibitor,respiratory infection,"Amoxicillin 100mg, augmentin, clavimox",antibiotic,medicine_images/amoxicillin-clavulanate_875mg.jpg,"PH17, PH04"
amoxil,65,diarrhea,Brand of amoxicillin,infection,"amoxicillin, Beclomethasone (cream), Bethanechol (cream), Desloratadine 300mg, Finasteride 1%, Mirabegron (syrup), Naltrexone 1%, Olmesartan 400mg",antibiotic,medicine_images/amoxil_500mg.jpg,"PH11, PH44"
antinal,45,nausea,Antidiarrheal,diarrhea,"Baclofen 500mg, Beclomethasone (cream), Desloratadine 300mg, Desmopressin 100mg, flagyl, Zoledronic acid (solution)",antidiarrheal,medicine_images/antinal_220mg.jpg,"PH32, PH12"
aspirin,30,stomach pain,NSAID,"pain, heart","Budesonide/Formoterol 20mg, Clindamycin 2%, Clomipramine (tablet), Clonazepam (patch), Colchicine 100mg, Dextromethorphan 10mg, Furosemide (tablet), Glyburide 50mg, Paracetamol ointment, Pemetrexed 400mg, plavix, Propranolol LA 20mg, Sitagliptin 10mg, Zoledronic acid (solution)",NSAID,medicine_images/Aspirin.jpg,"PH76, PH17"
augmentin,120,diarrhea,Amoxicillin + clavulanate,infection,"amoxicillin, amoxicillin-clavulanate, clavimox, Dextromethorphan 10mg, Etanercept 50mg, Isosorbide mononitrate 20mg, Misoprostol 20mg, Moxiflox",antibiotic,medicine_images/augmentin_125mg.jpg,"PH04, PH11"
azithromycin,85,stomach upset,Macrolide antibiotic,chest infection,"Amoxicillin 100mg, clarithromycin, erythrocin, zithromax",antibiotic,medicine_images/aazithromycin_500mg.jpg,"PH44, PH32"
brufen,35,gastritis,Ibuprofen brand,"pain, fever","Ciclesonide 300mg, Desmopressin 10mg, Diazoxide 50mg, Furosemide (tablet), Gemcitabine (syrup), ibuprofen, Indapamide 300mg, Mirabegron (syrup), Pemetrexed 400mg, Pioglitazone (syrup), Testosterone gel (capsule)",NSAID,medicine_images/brufen_400mg.jpg,"PH12, PH76"
buscopan,50,dry mouth,Antispasmodic,colon spasm,"Clomipramine (tablet), Clonazepam (patch), Dexlansoprazole (solution), Fosinopril 20mg, Indapamide 300mg, motilium, Norepinephrine (tablet), Oxytocin 5mg",antispasmodic,medicine_images/buscopan_10mg.jpg,"PH17, PH04"
cataflam,40,stomach pain,Diclofenac potassium,pain,"Cilostazol 50mg, Colchicine 100mg, Fosinopril (cream), ponstan, voltaren",NSAID,medicine_images/cataflam_50mg.jpg,"PH11, PH44"
cetafen,30,nausea,Paracetamol + caffeine,headache,"Benzonatate (solution), Budesonide/Formoterol 20mg, Esmolol (solution), Gatifloxacin 5mg, panadol, Repaglinide 300mg",analgesic,medicine_images/cetafen.jpg,"PH32, PH12"
clarithromycin,110,metallic taste,Macrolide antibiotic,infection,azithromycin,antibiotic,medicine_images/clarithromycin_500mg.jpg,"PH76, PH17"
clavimox,95,diarrhea,Amoxicillin-clavulanate,infection,"Amikacin (ampoule), amoxicillin-clavulanate, augmentin, Dextromethorphan 10mg, Dobutamine (ampoule), Fenofibrate 80mg, Mirabegron (syrup), Pemetrexed 400mg, Tizanidine 300mg",antibiotic,medicine_images/clavimox_1gm.jpg,"PH04, PH11"
concor,75,dizziness,Beta blocker,hypertension,"Ciclesonide 300mg, Cilostazol 50mg, Dopamine (ampoule), enalapril, Enoxaparin 10mg, Finasteride 1%, Tritace",cardiovascular,medicine_images/concor_5mg.jpg,"PH44, PH32"
crestor,180,muscle pain,Rosuvastatin brand,cholesterol,"Gatifloxacin 5mg, rosuvastatin",statin,medicine_images/crestor_10mg.jpg,"PH12, PH76"
diclofenac,28,gastritis,NSAID,pain,"Ibuprofen cream, voltaren",NSAID,medicine_images/diclofenac_25mg.jpg,"PH17, PH04"
enalapril,35,cough,ACE inhibitor,blood pressure,"Amlodipine injection, concor, Losartan 300mg, valsartan",antihypertensive,medicine_images/enalapril_20mg.jpg,"PH11, PH44"
erythrocin,70,nausea,Erythromycin antibiotic,infection,"azithromycin, Clonazepam 500mg, Fosinopril (cream), Hydroxyzine 1%, Verapamil 5mg",antibiotic,medicine_images/erythrocin_500mg.jpg,"PH32, PH12"
esomeprazole,90,headache,PPI,acidity,"nexium, Omeprazole 50mg",PPI,medicine_images/esomeprazole_40mg.jpg,"PH76, PH17"
fexofenadine,55,dizziness,Antihistamine,allergy,"Cetirizine 500mg, loratadine",antihistamine,medicine_images/fexofenadine_180mg.jpg,"PH04, PH11"
flagyl,40,metallic taste,Metronidazole,"diarrhea, infection","antinal, Desmopressin 10mg, Diltiazem 50mg, Enoxaparin 10mg, Glyburide 5mg, Metolazone 400mg, Phenytoin 400mg",antibiotic,medicine_images/flagyl_200mg.jpg,"PH44, PH32"
gastrogel,25,constipation,Antacid suspension,acidity,"Clonazepam 500mg, Diltiazem 50mg, rennie",antacid,medicine_images/gastrogel_150mg.jpg,"PH12, PH76"
glimepiride,60,hypoglycemia,Oral antidiabetic,diabetes,"glucophage, Metformin 50mg",antidiabetic,medicine_images/glimepiride_4mg.jpg,"PH17, PH04"
glucophage,65,diarrhea,Metformin brand,diabetes,"Cyclobenzaprine (tablet), Fosinopril (cream), glimepiride, Glyburide 50mg, Misoprostol 20mg",antidiabetic,medicine_images/glucophage_1000mg.jpg,"PH11, PH44"
ibuprofen,30,stomach pain,NSAID,"pain, fever","Amikacin 200mg, brufen, Candesartan 10mg, Diazoxide 50mg, Diclofenac 50mg, naproxen, Paracetamol ointment",NSAID,medicine_images/ibuprofen_200mg.jpg,"PH32, PH12"
insulatard,150,hypoglycemia,Long acting insulin,diabetes,"Amikacin (ampoule), Baclofen 500mg, Candesartan 10mg, Glyburide 5mg, insulin, mixtard, Oxytocin 5mg, Zidovudine 300mg",insulin,medicine_images/insulatard_100UI.jpg,"PH76, PH17"
insulin,130,hypoglycemia,Hormone injection,diabetes,"insulatard, Metformin 50mg",hormone,medicine_images/insulin_aspart.jpg,"PH04, PH11"
keflex,80,diarrhea,Cephalexin antibiotic,infection,"Amikacin 200mg, amoxicillin, Fenofibrate 80mg, Gatifloxacin (solution), Indapamide 300mg, Sitagliptin 10mg",antibiotic,medicine_images/keflex_500mg.jpg,"PH44, PH32"
lasix,40,dehydration,Diuretic,edema,"Amikacin (ampoule), Desloratadine 300mg, Enoxaparin 10mg, Isosorbide mononitrate 20mg, Mycophenolate mofetil (syrup), Orlistat (tablet), Pioglitazone (syrup), Propranolol LA 20mg",diuretic,medicine_images/lasix_40mg.jpg,"PH12, PH76"
lipitor,160,muscle pain,Atorvastatin brand,cholesterol,"Colchicine 100mg, Dopamine (ampoule), Fenofibrate 80mg, Misoprostol 20mg, simvastatin",statin,medicine_images/lipitor_80mg.jpg,"PH17, PH04"
loratadine,35,headache,Antihistamine,allergy,"Cetirizine 500mg, fexofenadine",antihistamine,medicine_images/loratadine_10mg_tablets.jpg,"PH11, PH44"
mixtard,155,hypoglycemia,Mixed insulin,diabetes,"Clindamycin 2%, Clonazepam (patch), Desmopressin 100mg, Dexlansoprazole (solution), Dobutamine (ampoule), insulatard, Olmesartan 400mg, Ramipril (capsule), Verapamil 5mg",insulin,medicine_images/mixtard.jpg,"PH32, PH12"
motilium,45,drowsiness,Antiemetic,vomiting,"Benzonatate (solution), Bethanechol (cream), Bisoprolol 10mg, Budesonide/Formoterol 20mg, buscopan, Candesartan 10mg, Cyclobenzaprine (tablet), Dexlansoprazole (solution), Dobutamine (ampoule), Dopamine (ampoule), Etanercept 50mg, Glyburide 5mg, Hydroxyzine 1%, Ketorolac 5mg, Mycophenolate mofetil (syrup), Tizanidine 300mg, Zoledronic acid (solution)",antiemetic,medicine_images/motilium_10mg.jpg,"PH76, PH17"
naproxen,50,gastritis,NSAID,pain,"Diclofenac 50mg, ibuprofen",NSAID,medicine_images/Naproxen_200mg.jpg,"PH04, PH11"
nexium,140,headache,Esomeprazole brand,GERD,"Beclomethasone (cream), Ciclesonide 300mg, Diltiazem 50mg, esomeprazole, omeprazole, Testosterone gel (capsule), Zidovudine 300mg",PPI,medicine_images/nexium_20mg.jpg,"PH44, PH32"
nifedipine,55,flushing,Calcium blocker,hypertension,"amlodipine, Amlodipine injection",antihypertensive,medicine_images/nifedipine_20mg.jpg,"PH12, PH76"
nystatin,35,irritation,Antifungal,oral thrush,—,antifungal,medicine_images/Nystatin_20mg.jpg,"PH17, PH04"
omeprazole,45,headache,PPI,GERD,"Bethanechol (cream), Clindamycin 2%, Naltrexone 1%, nexium, Orlistat (tablet), Oxytocin 5mg, pantoprazole, Ramipril (capsule), Sitagliptin 10mg",PPI,medicine_images/Omeprazole_50mg.jpg,"PH11, PH44"
panadol,32,nausea,Paracetamol brand,fever,"adol, adol 500mg, cetafen, Cilostazol 50mg, Clomipramine (tablet), Gatifloxacin (solution), Gatifloxacin 5mg, Gemcitabine (syrup), Orlistat (tablet), paracetamol, Phenytoin 400mg",analgesic,medicine_images/panadol.jpg,"PH32, PH12"
pantoprazole,60,headache,PPI,ulcer,"omeprazole, Omeprazole 50mg",PPI,medicine_images/Pantoprazole_20mg.jpg,"PH76, PH17"
paracetamol,22,liver toxicity,Analgesic,"pain, fever","adol 500mg, Baclofen 500mg, Glyburide 50mg, Ibuprofen cream, panadol",analgesic,medicine_images/paracetamol_650mg.jpg,"PH04, PH11"
plavix,210,bleeding,Antiplatelet,heart disease,"aspirin, Clonazepam 500mg, Fosinopril 20mg, Furosemide (tablet), Gatifloxacin (solution), Hydroxyzine 1%, Isosorbide mononitrate 20mg, Metolazone 400mg, Repaglinide 300mg",antiplatelet,medicine_images/plavix_75mg.jpg,"PH44, PH32"
ponstan,55,stomach pain,Mefenamic acid,pain,"Bisoprolol 10mg, cataflam, Diazoxide 50mg, Finasteride 1%, Propranolol LA 20mg, Ramipril (capsule)",NSAID,medicine_images/ponstan_500mg.jpg,"PH12, PH76"
rennie,38,constipation,Antacid,heartburn,"Amikacin 200mg, Benzonatate (solution), Bisoprolol 10mg, gastrogel, Olmesartan 400mg",antacid,medicine_images/rennie_80mg.jpg,"PH17, PH04"
rosuvastatin,170,muscle pain,Statin,cholesterol,"Atorvastatin 200mg, crestor",statin,medicine_images/rosuvastatin.jpg,"PH11, PH44"
simvastatin,90,muscle pain,Statin,cholesterol,"Atorvastatin 200mg, lipitor",statin,medicine_images/simvastatin_20mg.jpg,"PH32, PH12"
tadalafil,95,headache,PDE5 inhibitor,ED,"sildenafil, Sildenafil 400mg",urology,medicine_images/tadalafil_20mg.jpg,"PH76, PH17"
valsartan,85,dizziness,ARB,hypertension,"enalapril, Losartan 300mg",antihypertensive,medicine_images/valsartan_40mg.jpg,"PH04, PH11"
voltaren,48,gastritis,Diclofenac brand,pain,"cataflam, Cyclobenzaprine (tablet), Desmopressin 100mg, Desmopressin 10mg, diclofenac, Esmolol (solution), Etanercept 50mg, Norepinephrine (tablet), Phenytoin 400mg, Verapamil 5mg",NSAID,medicine_images/voltaren.jpg,"PH44, PH32"
voriconazole,260,vision issues,Antifungal,fungal infection,fluconazole,antifungal,medicine_images/voriconazole.jpg,"PH12, PH76"
zithromax,100,diarrhea,Azithromycin brand,infection,"azithromycin, Fosinopril 20mg, Ketorolac 5mg, Metolazone 400mg, Testosterone gel (capsule), Zidovudine 300mg",antibiotic,medicine_images/zithromax.jpg,"PH17, PH04"
Pratoloc 40 mg,60,"Headache, diarrhea, abdominal pain",Proton pump inhibitor used to reduce stomach acid production,"GERD, gastric ulcer, acid reflux","Controloc, Pantoloc, Pantazol",Gastrointestinal / PPI,medicine_images/Pratoloc_40_mg.jpg,"PH04, PH11"
Multirelax,45,"Drowsiness, dizziness, stomach upset",Combination drug used as a muscle relaxant and pain reliever,"Muscle spasm, back pain, neck pain","Myofen, Relaxon, Dimra",Muscle Relaxant,medicine_images/Multirelax.jpg,"PH44, PH32"
Mobitil,55,"Nausea, stomach pain, risk of ulcer",Nonsteroidal anti-inflammatory drug (NSAID) used for pain and inflammation,"Arthritis, joint pain, inflammation","Movalis, Meloxicam, Moven, Mobic / Anti-cox II",NSAID,medicine_images/Mobitil.jpg,"PH17, PH04"
Divido,70,"Stomach ulcer, dizziness, fluid retention",Strong NSAID used to relieve pain and inflammation,"Muscle pain, arthritis, severe pain","Cataflam, Voltaren, Olfen",NSAID,medicine_images/Divido.jpg,"PH32, PH12"
Neurotone,30,"Mild nausea, rare allergic reaction",Vitamin B complex supplement that supports nerve health,"Nerve pain, neuropathy, vitamin B deficiency","Neurobion, Milga, Nervovit",Vitamins / Supplement,medicine_images/Neurotone.jpg,"PH11, PH44"
Controloc,60,"Headache, diarrhea",Proton pump inhibitor reduces stomach acid,"GERD, ulcer",Pratoloc 40 mg,Gastrointestinal / PPI,medicine_images/Controloc.jpg,"PH32, PH12"
Pantoloc,60,"Headache, diarrhea",Proton pump inhibitor reduces stomach acid,"GERD, ulcer",Pratoloc 40 mg,Gastrointestinal / PPI,medicine_images/Pantoloc.jpg,"PH17, PH04"
Pantazol,60,"Headache, diarrhea",Proton pump inhibitor reduces stomach acid,"GERD, ulcer",Pratoloc 40 mg,Gastrointestinal / PPI,medicine_images/Pantazol.jpg,"PH11, PH44"
Myofen,45,"Drowsiness, dizziness",Muscle relaxant and pain reliever,Muscle spasm,"Multirelax, Dimra, Relax",Muscle Relaxant,medicine_images/Myofen.jpg,"PH76, PH17"
Relaxon,45,"Drowsiness, dizziness",Muscle relaxant and pain reliever,Muscle spasm,Multirelax,Muscle Relaxant,medicine_images/Relaxon.jpg,"PH12, PH76"
Dimra,45,"Drowsiness, dizziness",Muscle relaxant and pain reliever,Muscle spasm,"Multirelax, Relax, Myofen",Muscle Relaxant,medicine_images/Dimra.jpg,"PH32, PH12"
Movalis,55,"Nausea, stomach pain",NSAID for inflammation and pain,Arthritis,Mobitil,NSAID,medicine_images/Movalis.jpg,"PH04, PH11"
Meloxicam,55,"Nausea, stomach pain",NSAID for inflammation and pain,Arthritis,Mobitil,NSAID,medicine_images/Meloxicam.jpg,"PH44, PH32"
Moven,55,"Nausea, stomach pain",NSAID for inflammation and pain,Arthritis,Mobitil,NSAID,medicine_images/Moven.jpg,"PH11, PH44"
Olfen,70,"Stomach ulcer, dizziness",NSAID pain reliever,"Pain, inflammation",Divido,NSAID,medicine_images/Olfen.jpg,"PH44, PH32"
Neurobion,30,Mild nausea,Vitamin B complex for nerves,Neuropathy,"Neurotone, Cervitam",Vitamins / Supplement,medicine_images/Neurobion.jpg,"PH04, PH11"
Milga,30,Mild nausea,Vitamin B complex for nerves,Neuropathy,"Neurotone, Cervitam",Vitamins / Supplement,medicine_images/Milga.jpg,"PH32, PH12"
Nervovit,30,Mild nausea,Vitamin B complex for nerves,Neuropathy,Neurotone,Vitamins / Supplement,medicine_images/Nervovit.jpg,"PH11, PH44"
Flowadjust 25 mg,75,"Nausea, insomnia, anxiety",SSRI antidepressant that affects serotonin levels in the brain,"Depression, anxiety, OCD","Prozac, Flutin",Antidepressant / SSRI,medicine_images/Flowadjust.jpg,
Imipramine 25 mg,65,"Dry mouth, dizziness, constipation",Tricyclic antidepressant used to treat mood disorders,"Depression, bedwetting","Tofranil, Anafranil",Antidepressant / TCA,medicine_images/Imipramine.jpg,
Desmodjust 0.1 mg,90,"Headache, nausea, low sodium",Synthetic hormone that reduces urine production,"Bedwetting, diabetes insipidus","Minirin, Desmopressin",Hormonal / Antidiuretic,medicine_images/Desmodjust.jpg,
Prozac,75,"Nausea, insomnia",SSRI antidepressant,"Depression, anxiety",Flowadjust 25 mg,Antidepressant / SSRI,medicine_images/Prozac.jpg,
Flutin,75,"Nausea, insomnia",SSRI antidepressant,"Depression, anxiety",Flowadjust 25 mg,Antidepressant / SSRI,medicine_images/Flutin.jpg,
Tofranil,65,"Dry mouth, dizziness",Tricyclic antidepressant,Depression,Imipramine 25 mg,Antidepressant / TCA,medicine_images/Tofranil.jpg,
Anafranil,65,"Dry mouth, dizziness",Tricyclic antidepressant,"Depression, OCD",Imipramine 25 mg,Antidepressant / TCA,medicine_images/Anafranil.jpg,
Minirin,90,"Headache, nausea",Antidiuretic hormone analog,Bedwetting,Desmodjust 0.1 mg,Hormonal / Antidiuretic,medicine_images/Minirin.jpg,
Desmopressin,90,"Headache, nausea",Antidiuretic hormone analog,Diabetes insipidus,Desmodjust 0.1 mg,Hormonal / Antidiuretic,medicine_images/Desmopressin.jpg,
Cervitam,50,"Nausea, mild stomach upset",Vitamin B complex supplement for nerve support,"Neuropathy, vitamin deficiency","Neurobion, Milga",Vitamins / Supplement,medicine_images/Cervitam.jpg,
Cerebrolysin,120,"Injection site pain, dizziness",Neuroprotective agent for brain function,Cognitive disorders,Cortexin,Nootropic / Neuroprotective,medicine_images/Cerebrolysin.jpg,
Piracetam,120,"Nervousness, weight gain",Nootropic that enhances brain performance,Memory issues,Cortexin,Nootropic / Neuroprotective,medicine_images/Piracetam.jpg,
ImmunoMax,85,Mild nausea,Immune system booster,Immunity,Immunocostra,Supplement / Immune Support,medicine_images/ImmunoMax.jpg,
Septilin,85,Mild stomach upset,Herbal immune support,Immunity,Immunocostra,Supplement / Immune Support,medicine_images/Septilin.jpg,
Centrum,60,Mild nausea,Multivitamin supplement,General health,Alphavim,Vitamins / Supplement,medicine_images/Centrum.jpg,
One-A-Day,60,Mild nausea,Daily multivitamin,General health,Alphavim,Vitamins / Supplement,medicine_images/One-A-Day.jpg,
Alphavim,60,"Mild nausea, headache",Multivitamin supplement for general health,"Vitamin deficiency, fatigue","Centrum, One-A-Day",Vitamins / Supplement,medicine_images/Alphavim.jpg,
Immunocostra,85,"Mild stomach upset, nausea",Immune support supplement with vitamins and minerals,"Immunity boosting, fatigue","ImmunoMax, Septilin",Supplement / Immune Support,medicine_images/Immunocostra.jpg,
Cortexin,120,"Mild irritation at injection site, dizziness",Neuroprotective peptide used to improve brain function,"Memory issues, cognitive disorders","Cerebrolysin, Piracetam",Nootropic / Neuroprotective,medicine_images/Cortexin.jpg,
Moxiflox,95,"Nausea, dizziness, diarrhea",Broad-spectrum antibiotic (fluoroquinolone),"Bacterial infections, respiratory infections",Augmentin,Antibiotic,medicine_images/Moxiflox.jpg,
Lacritears,40,"Mild eye irritation, blurred vision",Artificial tears used to lubricate dry eyes,"Dry eye, eye irritation","Refresh Tears, Tears Naturale",Ophthalmic / Eye Care,medicine_images/Lacritears.jpg,
Refresh Tears,40,Mild irritation,Lubricating eye drops,Dry eye,Lacritears,Ophthalmic / Eye Care,medicine_images/Refresh_Tears.jpg,
Tears Naturale,40,Mild irritation,Artificial tear solution,Dry eye,Lacritears,Ophthalmic / Eye Care,medicine_images/Tears_Naturale.jpg,
Tritace,80,"Dizziness, cough, low blood pressure",ACE inhibitor used to treat hypertension and heart conditions,"Hypertension, heart failure",Concor,Cardiovascular / ACE inhibitor,medicine_images/Tritace.jpg,
Elimbosis,110,"Bleeding, dizziness, nausea",Anticoagulant used to prevent blood clots,"Thrombosis, stroke prevention","Xarelto, Eliquis",Anticoagulant,medicine_images/Elimbosis.jpg,
Xarelto,110,"Bleeding, anemia",Oral anticoagulant (Factor Xa inhibitor),Blood clots,Elimbosis,Anticoagulant,medicine_images/Xarelto.jpg,
Eliquis,110,"Bleeding, nausea",Anticoagulant used to reduce clot risk,Stroke prevention,Elimbosis,Anticoagulant,medicine_images/Eliquis.jpg,
Atozet,150,"Muscle pain, headache",Combination of cholesterol-lowering drugs (statin + ezetimibe),High cholesterol,"Ator, Rosuvast",Lipid-lowering,medicine_images/Atozet.jpg,
Ator,150,Muscle pain,Statin used to reduce cholesterol,Hyperlipidemia,Atozet,Lipid-lowering,medicine_images/Ator.jpg,
Rosuvast,150,Muscle pain,Statin medication,High cholesterol,Atozet,Lipid-lowering,medicine_images/Rosuvast.jpg,
Conventin 300,82.5,"Drowsiness, dizziness, blurred vision",Analgesic for neuropathic pain and nerve damage,"Neuropathic pain, Postherpetic neuralgia",Gaptin 300 / Neurontin 300,CNS / Neuropathic pain,medicine_images/Conventin_300.jpg,
Recoxibright 90,297,"Stomach pain, headache, high blood pressure",Selective COX-2 inhibitor for potent inflammation,"Osteoarthritis, Rheumatoid arthritis",Arcoxia 90 / Etocox 90,Musculoskeletal / NSAIDs,medicine_images/Recoxibright.jpg,
Sulfax cream,95,"Local skin irritation, redness (rare)",Topical cream for joint flexibility and pain relief,"Joint pain, osteoarthritis stiffness",Move Cream / Genuphil Cream,Musculoskeletal / Topical Care,medicine_images/Sulfax.jpg,
Etocox 90,195,"Headache, dizziness, heart palpitations",Selective COX-2 inhibitor NSAID for joint pain,"Osteoarthritis, Acute gouty arthritis",Arcoxia 90 / Recoxibright 90,Musculoskeletal / NSAIDs,medicine_images/Etocox.jpg,
Colchitrust,98,"Diarrhea, nausea, stomach pain",Antigout medication for acute attacks,"Gout flares, FMF",Colchicine 0.5 / Colchimed,Musculoskeletal / Antigout,medicine_images/Colchitrust.jpg,
Relax,36,"Drowsiness, dry mouth, dizziness",Skeletal muscle relaxant with analgesic effect,"Muscle spasms, Back pain",Dimra / Myofen,Musculoskeletal / Muscle Relaxants,medicine_images/Relax.jpg,
Move Cream,60,Mild skin redness or warmth,Topical analgesic for muscle and joint stiffness,"Backache, sprains, joint pain",Sulfax cream / Genuphil Cream,Musculoskeletal / Topical Care,medicine_images/Move_Cream.jpg,
Tymer,55,Temporary burning or stinging in eyes,Broad-spectrum fluoroquinolone eye drops,Bacterial eye infections,Sanolevox / Levoflox,Eye Preparations / Antibiotics,medicine_images/Tymer.jpg,
Dexaflox,45,"Increased intraocular pressure, blurred vision",Antibiotic and Corticosteroid combination,Inflammatory eye conditions with infection,Duoeffectum / Oflo-D,Eye Preparations / Anti-inflammatory,medicine_images/Dexaflox.jpg,
Sanolevox 0.5%,59,"Eye irritation, blurred vision, light sensitivity",Fluoroquinolone antibiotic for bacterial eye infections,"Bacterial conjunctivitis, keratitis",Levoflox / Tymer,Eye Preparations / Antibiotics,medicine_images/Sanolevox.jpg,
Duoeffectum,32,"Burning sensation, blurred vision, increased eye pressure",Combination of antibiotic and corticosteroid for eyes,Eye inflammation with bacterial infection,Dexaflox / Oflo-D,Eye Preparations / Anti-inflammatory & Antibiotic,medicine_images/Duoeffectum.jpg,
Becozyme,150,"Change in urine color, mild nausea",Vitamin B-Complex for nerve health,"Vitamin B deficiency, nerve pain",Depovit / Neuroton,Vitamins / Supplements,medicine_images/Becozyme.jpg,
Neuroton,75,Mild digestive upset (rare),"High dose Vitamin B1, B6, and B12","Nerve inflammation, general tonic",Becozyme / Depovit,Vitamins / Supplements,medicine_images/Neuroton.jpg,
Depovit,65,Swelling or itching at injection site,Long-acting Vitamin B12 (Hydroxocobalamin),"Anemia, nerve damage",Becozyme / Neuroton,Vitamins / Supplements,medicine_images/Depovit.jpg,
Mobic 15,165,"Stomach upset, dizziness, fluid retention",Potent NSAID with long-lasting effect,"Rheumatoid arthritis, Osteoarthritis",Mobitil / Meloxicam,Musculoskeletal / NSAIDs,medicine_images/Mobic.jpg,
Anti-cox II,100,"Headache, indigestion",Non-steroidal anti-inflammatory (Meloxicam),Joint pain and inflammation,Mobitil / Mobic,Musculoskeletal / NSAIDs,medicine_images/Anti-cox.jpg,
Acupan,60,"Drowsiness, nausea, fast heartbeat",Brand name for Nefopam (Analgesic),Relief of postoperative and musculoskeletal pain,Nefxal Fort / Cefarol,Analgesics,medicine_images/Acupan.jpg,
Cefarol,48,"Dry mouth, lightheadedness, blurred vision",Centrally acting analgesic for pain relief,"Acute pain, chronic pain management",Nefxal Fort / Acupan,Analgesics,medicine_images/Cefarol.jpg,
Nefxal Fort,54,"Nausea, dizziness, dry mouth, sweating",Non-opioid central acting analgesic,Moderate to severe acute and chronic pain,Acupan / Cefarol,Analgesics,medicine_images/Nefxal_Fort.jpg,
Enzymatryps,80,"Nausea, stomach upset, skin rash",Anti-inflammatory and anti-edema enzyme formula,"Swelling, inflammation, post-surgery edema",Ambezim / Alphachymotrypsin,Anti-inflammatory / Enzymes,medicine_images/Enzymatryps.jpg,
Bristaflam,105,"Indigestion, stomach pain, dizziness",Potent NSAID (Aceclofenac) for pain relief,"Rheumatoid arthritis, Osteoarthritis, back pain",Air-tal / Aceclofenac,Musculoskeletal / NSAIDs,medicine_images/Bristaflam.jpg,
Diacerein 50,120,"Diarrhea, abdominal pain, yellow urine",Anthraquinone derivative for joint cartilage,"Chronic Osteoarthritis, joint stiffness",Artiflex / Diacerin,Musculoskeletal / Osteoarthritis,medicine_images/Diacerein.jpg,
Ambezim-G,65,"Mild digestive upset, nausea",Enzyme-based anti-inflammatory tablets,"Sinusitis, swelling, post-traumatic edema",Enzymatryps / Alphachymotrypsin,Anti-inflammatory / Enzymes,medicine_images/Ambezim-G.jpg,
Alphachymotrypsin,60,"Allergic reaction (rare), eye pressure",Purified enzyme for reducing inflammation,"Inflammation, hematoma, post-surgical swelling",Enzymatryps / Ambezim,Anti-inflammatory / Enzymes,medicine_images/Alphachymotrypsin.jpg,
Air-tal,90,"Heartburn, stomach discomfort",Brand name for Aceclofenac (NSAID),"Joint pain, ankylosing spondylitis",Bristaflam / Aceclofenac,Musculoskeletal / NSAIDs,medicine_images/Air-tal.jpg,
Artiflex,110,"Diarrhea, flatulence, nausea",Diacerein formula for joint protection,"Osteoarthritis, knee and hip pain",Diacerein / Diacerin,Musculoskeletal / Osteoarthritis,medicine_images/Artiflex.jpg,
Diacerin,100,"Soft stools, change in urine color",Slow-acting treatment for osteoarthritis,"Cartilage health, chronic joint pain",Diacerein / Artiflex,Musculoskeletal / Osteoarthritis,medicine_images/Diacerin.jpg,
Betafose,60,"Increased appetite, mood swings, fluid retention",Long-acting corticosteroid injection,"Severe allergies, joint inflammation, skin diseases",Diprofos / Betamethasone,Hormonal Preparations / Steroids,medicine_images/Betafose.jpg,
Aerius,165,"Fatigue, dry mouth, headache",Non-sedating antihistamine (Desloratadine),"Hay fever, sneezing, chronic hives",Deslor / Deslodan,Allergy & Antihistamines,medicine_images/Aerius.jpg,
Dermovate,35,"Skin thinning, stretch marks (long-term use)",Very potent topical corticosteroid,"Psoriasis, Eczema, severe skin inflammation",Clobutasol / Dermocort,Dermatological / Corticosteroids,medicine_images/Dermovate.jpg,
Glycerine,25,"Rectal irritation (suppositories), stomach cramp",Osmotic laxative or skin emollient,"Constipation (supps), dry skin (liquid)",Glylax / Glycerol,Gastrointestinal / Laxatives,medicine_images/Glycerine.jpg,
Diprofos,65,"Weight gain, increased blood sugar",Brand name for Betamethasone injection,"Allergy, asthma, rheumatoid arthritis",Betafose / Betamethasone,Hormonal Preparations / Steroids,medicine_images/Diprofos.jpg,
Deslodan,50,"Dizziness, dry throat",Antihistamine containing Desloratadine,"Allergic rhinitis, skin itching",Aerius / Deslor,Allergy & Antihistamines,medicine_images/Deslodan.jpg,
Clobutasol,30,"Burning sensation, skin redness",Potent steroid for skin conditions,"Recalcitrant dermatoses, Psoriasis",Dermovate / Dermocort,Dermatological / Corticosteroids,medicine_images/Clobutasol.jpg,
Glylax,20,Diarrhea (if overused),Glycerine-based laxative suppositories,Acute constipation relief,Glycerine / Glycerol,Gastrointestinal / Laxatives,medicine_images/Glylax.jpg,
Somidfree,120,"Daytime drowsiness, dizziness, dry mouth",Natural sleep aid containing Melatonin & herbs,"Insomnia, sleep disorders, jet lag",Night Calm / Dormival,CNS / Sedatives & Hypnotics,medicine_images/Somidfree.jpg,
Elenatech,210,"Mild stomach upset, constipation",Multi-vitamin and mineral supplement for women,"General health, fatigue, hair and skin support",Vitamount / Elavit,Vitamins / Supplements,medicine_images/Elenatech.jpg,
Night Calm,45,"Bitter taste, drowsiness, headache",Sedative-hypnotic (Eszopiclone),Short-term treatment of insomnia,Somidfree / Dormival,CNS / Sedatives & Hypnotics,medicine_images/Night_Calm.jpg,
Dormival,30,Minimal side effects (Herbal),Herbal capsules (Valerian & Humulus),"Anxiety-related insomnia, restlessness",Somidfree / Night Calm,CNS / Sedatives & Hypnotics,medicine_images/Dormival.jpg,
Vitamount (Women),135,Nausea (if taken on empty stomach),Comprehensive multivitamin for women's needs,"Nutrient deficiency, vitality",Elenatech / Elavit,Vitamins / Supplements,medicine_images/Vitamount.jpg,
Elavit,180,Change in urine color (Vitamin B),High-potency multivitamin and antioxidant,"Stress, fatigue, immune support",Elenatech / Vitamount,Vitamins / Supplements,medicine_images/Elavit.jpg,
Zinctron,110,"Nausea (if taken on empty stomach), metallic taste","Synergistic blend of Zinc, Vitamin C, and B6","Immunity booster, hair health, acne treatment",Octozinc / Sansovit Zinc,Vitamins / Supplements,medicine_images/Zinctron.jpg,
Atocare,135,Mild skin redness (rare),Emollient cream for extremely dry and atopic skin,"Eczema, skin barrier repair, intense hydration",Zinc Olive / Sudocrem,Dermatological / Emollients,medicine_images/Atocare.jpg,
Care by care,95,No common side effects,Protective cream for diaper rash and skin irritation,"Diaper rash, minor burns, skin soothing",Sudocrem / Sanosan,Dermatological / Baby Care,medicine_images/Care_by_care.jpg,
Octozinc,35,Gastric irritation (mild),Pure Zinc gluconate capsules,"Zinc deficiency, wound healing, hair loss",Zinctron / Sansovit Zinc,Vitamins / Supplements,medicine_images/Octozinc.jpg,
Zinc Olive,65,None reported,Natural protective cream with Zinc oxide and Olive oil,"Diaper rash, skin protection, sunburn",Care by care / Atocare,Dermatological / Baby Care,medicine_images/Zinc_Olive.jpg,
Sudocrem,250,Mild local irritation (very rare),Medicated healing cream for various skin issues,"Diaper rash, eczema, surface wounds",Care by care / Zinc Olive,Dermatological / Baby Care,medicine_images/Sudocrem.jpg,
Sanosan Baby,180,None reported,Specialized baby skin protection cream,"Diaper area care, skin moisturizing",Care by care / Sudocrem,Dermatological / Baby Care,medicine_images/Sanosan_Baby.jpg,
Hyacarenol,75,"Temporary blurred vision, stinging",Lubricating eye drops (Sodium Hyaluronate),"Dry eye syndrome, eye irritation",Hyfresh / Polyfresh,Eye Preparations / Lubricants,medicine_images/Hyacarenol.jpg,
Fluca,65,"Blurred vision, eye redness",Corticosteroid eye drops (Fluorometholone),Eye inflammation and allergies,Vexol / FML,Eye Preparations / Steroids,medicine_images/Fluca.jpg,
Selenium,85,"Nausea, metallic taste (rare)",Antioxidant and essential mineral supplement,"Immune support, hair and nail health",Selen-Vura / Selenium ACE,Vitamins / Supplements,medicine_images/Selenium.jpg,
Hibiotic,115,"Diarrhea, stomach upset, rash",Broad-spectrum antibiotic (Amoxicillin/Clavulanic),"Bacterial infections, sinusitis",Augmentin / Curam,Antibiotics / Penicillins,medicine_images/Hibiotic.jpg,
Tears Guard,45,Mild eye irritation,Artificial tears for eye lubrication,Eye dryness and burning sensation,Tears Naturale / Polyfresh,Eye Preparations / Lubricants,medicine_images/Tears_Guard.jpg,
Depovit 12,65,Injection site pain,Vitamin B12 (Hydroxocobalamin) injection,"Anemia, nerve damage, B12 deficiency",Neuroton / Becozyme,Vitamins / Supplements,medicine_images/Depovit_12.jpg,
Dixvit,150,Mild nausea (if taken on empty stomach),Comprehensive multivitamin and mineral formula,"Fatigue, general tonic, immunity",Vitamount / Declavit,Vitamins / Supplements,medicine_images/Dixvit.jpg,
Hyfresh,60,Mild stinging in eyes,Preservative-free eye lubricant,"Severe dry eyes, post-LASIK care",Hyacarenol / Polyfresh,Eye Preparations / Lubricants,medicine_images/Hyfresh.jpg,
Polyfresh,55,Transient blurred vision,Eye drops for moisturizing and protection,"Computer vision syndrome, dry eyes",Hyacarenol / Hyfresh,Eye Preparations / Lubricants,medicine_images/Polyfresh.jpg,
Curam,108,"Diarrhea, nausea",Amoxicillin and Clavulanic acid antibiotic,"Respiratory tract infections, UTI",Hibiotic / Augmentin,Antibiotics / Penicillins,medicine_images/Curam.jpg,
Selen-Vura,70,None reported at normal doses,Selenium antioxidant supplement,"Thyroid health, immune boost",Selenium / Selenium ACE,Vitamins / Supplements,medicine_images/Selen-Vura.jpg,
Declavit,120,Change in urine color,Multi-mineral and vitamin supplement,General health and vitality,Dixvit / Vitamount,Vitamins / Supplements,medicine_images/Declavit.jpg,
